{"type":"FeatureCollection","crs":{"type":"name","properties":{"name":"EPSG:4326"}},"features":[{"type":"Feature","geometry":{"type":"Polygon","coordinates":[[[-79.07772,-7.0076],[-79.08041,-7.0059],[-79.08233,-7.00544],[-79.08317,-7.00524],[-79.08502,-7.00524],[-79.08748,-7.00568],[-79.09035,-7.00643],[-79.09345,-7.00802],[-79.09555,-7.00928],[-79.09673,-7.00999],[-79.09932,-7.01076],[-79.10252,-7.01088],[-79.10854,-7.01205],[-79.11089,-7.0125],[-79.11237,-7.0129],[-79.11545,-7.01374],[-79.1198,-7.01553],[-79.12116,-7.01628],[-79.12241,-7.01841],[-79.12239,-7.01918],[-79.12292,-7.02106],[-79.12444,-7.02267],[-79.12492,-7.02342],[-79.12601,-7.02539],[-79.12635,-7.02631],[-79.12702,-7.02813],[-79.12774,-7.03055],[-79.12837,-7.03168],[-79.1294,-7.03354],[-79.13086,-7.03618],[-79.13145,-7.03676],[-79.13249,-7.03754],[-79.1342,-7.03845],[-79.13601,-7.03896],[-79.13739,-7.03934],[-79.13887,-7.04005],[-79.14048,-7.04055],[-79.14128,-7.04101],[-79.14198,-7.04175],[-79.14398,-7.04358],[-79.14634,-7.04491],[-79.14808,-7.04546],[-79.15003,-7.0458],[-79.15135,-7.04585],[-79.15292,-7.04573],[-79.1566,-7.04563],[-79.1587,-7.0457],[-79.16058,-7.04549],[-79.16171,-7.04556],[-79.16321,-7.0466],[-79.16463,-7.04833],[-79.16642,-7.05051],[-79.16724,-7.05152],[-79.16885,-7.05347],[-79.17142,-7.05493],[-79.17425,-7.05503],[-79.1753,-7.05538],[-79.17564,-7.05597],[-79.17571,-7.05736],[-79.17557,-7.05871],[-79.17593,-7.06028],[-79.17588,-7.06148],[-79.17634,-7.06322],[-79.17675,-7.06548],[-79.17687,-7.06801],[-79.1773,-7.06936],[-79.17773,-7.0707],[-79.17834,-7.07131],[-79.17911,-7.07269],[-79.17906,-7.07452],[-79.179,-7.07659],[-79.1799,-7.07823],[-79.18047,-7.08041],[-79.17995,-7.08174],[-79.18031,-7.08386],[-79.18113,-7.08721],[-79.18091,-7.0883],[-79.17997,-7.09039],[-79.17966,-7.09526],[-79.18026,-7.09572],[-79.18351,-7.09658],[-79.18597,-7.09844],[-79.18617,-7.10039],[-79.18658,-7.10242],[-79.18701,-7.1035],[-79.18788,-7.10408],[-79.1906,-7.1042],[-79.19414,-7.10475],[-79.19633,-7.10716],[-79.19877,-7.1102],[-79.19946,-7.11078],[-79.20016,-7.11065],[-79.2004,-7.1105],[-79.20211,-7.1094],[-79.20369,-7.10839],[-79.20737,-7.10656],[-79.20831,-7.10634],[-79.20883,-7.10644],[-79.20966,-7.10661],[-79.2105,-7.10658],[-79.21187,-7.10682],[-79.2135,-7.10768],[-79.21439,-7.10775],[-79.21493,-7.10779],[-79.21742,-7.10759],[-79.21831,-7.1083],[-79.21932,-7.10893],[-79.22015,-7.10927],[-79.22111,-7.10996],[-79.22272,-7.1103],[-79.22737,-7.1113],[-79.22909,-7.11238],[-79.23097,-7.11383],[-79.23352,-7.11496],[-79.23518,-7.11509],[-79.23632,-7.11457],[-79.23959,-7.11308],[-79.24125,-7.11297],[-79.24364,-7.11337],[-79.24472,-7.11345],[-79.24612,-7.11393],[-79.24743,-7.1146],[-79.25125,-7.11473],[-79.25215,-7.11462],[-79.25349,-7.11462],[-79.25819,-7.115],[-79.26287,-7.11585],[-79.2653,-7.11605],[-79.26658,-7.11624],[-79.26712,-7.11652],[-79.26813,-7.11688],[-79.26875,-7.11718],[-79.26961,-7.1177],[-79.27006,-7.11785],[-79.27343,-7.11823],[-79.27544,-7.11856],[-79.27624,-7.1191],[-79.27778,-7.11992],[-79.27829,-7.12012],[-79.28016,-7.12062],[-79.28171,-7.12125],[-79.28222,-7.12136],[-79.28443,-7.12138],[-79.28578,-7.12162],[-79.28666,-7.12242],[-79.28778,-7.12367],[-79.29093,-7.12566],[-79.29166,-7.12647],[-79.29272,-7.127],[-79.2939,-7.12739],[-79.29459,-7.12764],[-79.29507,-7.128],[-79.29549,-7.12841],[-79.296,-7.12911],[-79.29619,-7.12962],[-79.29647,-7.13077],[-79.29659,-7.13097],[-79.29694,-7.13131],[-79.29779,-7.13187],[-79.29949,-7.13241],[-79.30023,-7.1327],[-79.30057,-7.13291],[-79.30107,-7.13353],[-79.3016,-7.13477],[-79.30211,-7.13545],[-79.30263,-7.13636],[-79.30299,-7.13743],[-79.30338,-7.13798],[-79.30373,-7.13836],[-79.30463,-7.13901],[-79.30604,-7.14166],[-79.30627,-7.14338],[-79.30587,-7.14566],[-79.3053,-7.14715],[-79.30311,-7.14915],[-79.30177,-7.14966],[-79.30119,-7.14989],[-79.30023,-7.14996],[-79.29942,-7.15001],[-79.29795,-7.14997],[-79.29658,-7.14956],[-79.29528,-7.14965],[-79.29226,-7.15082],[-79.29025,-7.15317],[-79.29011,-7.15333],[-79.28965,-7.15349],[-79.28805,-7.15406],[-79.28606,-7.15486],[-79.28414,-7.1554],[-79.28256,-7.15595],[-79.28154,-7.15659],[-79.28096,-7.15708],[-79.27988,-7.15872],[-79.27941,-7.15968],[-79.27898,-7.16171],[-79.27877,-7.16326],[-79.27905,-7.16418],[-79.28005,-7.16582],[-79.28107,-7.16818],[-79.28113,-7.16893],[-79.28094,-7.16972],[-79.28033,-7.17008],[-79.27988,-7.17067],[-79.2786,-7.17219],[-79.2777,-7.1734],[-79.27732,-7.1739],[-79.27675,-7.17459],[-79.27623,-7.1753],[-79.27589,-7.17626],[-79.27553,-7.17713],[-79.27511,-7.17779],[-79.27502,-7.17875],[-79.27474,-7.17945],[-79.27444,-7.18056],[-79.27464,-7.18195],[-79.27455,-7.18278],[-79.27408,-7.18333],[-79.27363,-7.18357],[-79.27216,-7.18437],[-79.27192,-7.1845],[-79.27109,-7.18475],[-79.27012,-7.18504],[-79.26967,-7.18546],[-79.26933,-7.18644],[-79.26929,-7.18781],[-79.26903,-7.18878],[-79.26805,-7.18994],[-79.2676,-7.19102],[-79.26727,-7.19239],[-79.26636,-7.19352],[-79.26533,-7.19409],[-79.26364,-7.19454],[-79.26232,-7.19477],[-79.26085,-7.19509],[-79.26071,-7.19512],[-79.25988,-7.1953],[-79.25942,-7.19545],[-79.25863,-7.19592],[-79.25719,-7.19635],[-79.25634,-7.19679],[-79.25544,-7.1972],[-79.25469,-7.19755],[-79.25403,-7.19768],[-79.25334,-7.19774],[-79.25266,-7.19789],[-79.2522,-7.19807],[-79.25195,-7.19818],[-79.2518,-7.19835],[-79.25092,-7.19725],[-79.25033,-7.19651],[-79.24981,-7.19624],[-79.2471,-7.19651],[-79.24537,-7.19665],[-79.24417,-7.1964],[-79.24292,-7.1958],[-79.2423,-7.19547],[-79.24115,-7.19486],[-79.24099,-7.19469],[-79.24025,-7.19392],[-79.23992,-7.19356],[-79.23959,-7.19344],[-79.23931,-7.19343],[-79.23902,-7.19368],[-79.23852,-7.19424],[-79.23717,-7.19485],[-79.23445,-7.19648],[-79.23286,-7.1966],[-79.23113,-7.19619],[-79.22761,-7.19557],[-79.22499,-7.19495],[-79.22348,-7.19453],[-79.22251,-7.19406],[-79.22209,-7.19401],[-79.22165,-7.19417],[-79.22069,-7.19516],[-79.21983,-7.19564],[-79.216,-7.19564],[-79.21315,-7.19535],[-79.20924,-7.19403],[-79.20756,-7.19299],[-79.20682,-7.19253],[-79.20421,-7.19123],[-79.20195,-7.18894],[-79.20116,-7.18677],[-79.19995,-7.18575],[-79.19892,-7.18552],[-79.19848,-7.18543],[-79.19607,-7.18612],[-79.18831,-7.18911],[-79.18662,-7.18936],[-79.18435,-7.18804],[-79.18304,-7.18677],[-79.18212,-7.18636],[-79.18104,-7.18646],[-79.17749,-7.18771],[-79.1766,-7.18802],[-79.17439,-7.18964],[-79.1727,-7.1914],[-79.17157,-7.19232],[-79.17008,-7.19273],[-79.16801,-7.19259],[-79.16548,-7.19136],[-79.16379,-7.19054],[-79.16317,-7.18965],[-79.16145,-7.18858],[-79.15914,-7.18762],[-79.15831,-7.18727],[-79.15698,-7.18686],[-79.1564,-7.18655],[-79.15596,-7.18632],[-79.15502,-7.18623],[-79.15408,-7.18664],[-79.15179,-7.18833],[-79.14656,-7.19192],[-79.1453,-7.19279],[-79.1442,-7.1933],[-79.14324,-7.19375],[-79.14243,-7.19362],[-79.1414,-7.19287],[-79.13837,-7.19063],[-79.13682,-7.18964],[-79.1355,-7.18894],[-79.13445,-7.18863],[-79.13329,-7.18854],[-79.13197,-7.18795],[-79.13166,-7.18762],[-79.13135,-7.18698],[-79.13094,-7.18489],[-79.13056,-7.18339],[-79.13039,-7.18273],[-79.12997,-7.18188],[-79.12843,-7.18097],[-79.12672,-7.1806],[-79.1244,-7.18058],[-79.12299,-7.18152],[-79.12257,-7.18244],[-79.12179,-7.18374],[-79.12033,-7.18412],[-79.12009,-7.18409],[-79.11925,-7.18413],[-79.11853,-7.18444],[-79.11778,-7.18566],[-79.11607,-7.18718],[-79.11469,-7.18873],[-79.11339,-7.18968],[-79.11189,-7.19078],[-79.11175,-7.19088],[-79.11042,-7.19186],[-79.10871,-7.19273],[-79.10766,-7.19285],[-79.10605,-7.19294],[-79.10501,-7.19344],[-79.10522,-7.19256],[-79.10517,-7.1916],[-79.10495,-7.19064],[-79.10409,-7.18856],[-79.10289,-7.18607],[-79.10278,-7.18586],[-79.10264,-7.18557],[-79.10204,-7.18474],[-79.10166,-7.18446],[-79.1016,-7.18442],[-79.1011,-7.18389],[-79.10063,-7.18317],[-79.10013,-7.18193],[-79.09956,-7.17983],[-79.09969,-7.17803],[-79.1011,-7.17596],[-79.10137,-7.17447],[-79.10118,-7.1726],[-79.10098,-7.17141],[-79.10035,-7.16967],[-79.09839,-7.16644],[-79.09736,-7.16532],[-79.0964,-7.16429],[-79.09475,-7.16263],[-79.09391,-7.162],[-79.09328,-7.16152],[-79.09209,-7.16034],[-79.09165,-7.15911],[-79.09129,-7.15771],[-79.09069,-7.15531],[-79.08956,-7.15263],[-79.08914,-7.15065],[-79.08721,-7.14717],[-79.08696,-7.14617],[-79.08696,-7.14521],[-79.08751,-7.14424],[-79.08806,-7.14346],[-79.08906,-7.14228],[-79.08958,-7.14087],[-79.08961,-7.14055],[-79.0897,-7.1396],[-79.08959,-7.13816],[-79.08912,-7.13654],[-79.08856,-7.13447],[-79.08784,-7.13344],[-79.08724,-7.13259],[-79.08566,-7.13113],[-79.08494,-7.12997],[-79.08489,-7.12729],[-79.08477,-7.12681],[-79.08452,-7.12578],[-79.08409,-7.12403],[-79.08362,-7.12307],[-79.08306,-7.12191],[-79.08173,-7.12004],[-79.08003,-7.11763],[-79.07723,-7.11518],[-79.07394,-7.11298],[-79.07244,-7.11143],[-79.07017,-7.10981],[-79.06864,-7.10905],[-79.06845,-7.10844],[-79.06829,-7.10824],[-79.06816,-7.10806],[-79.06744,-7.10758],[-79.0673,-7.10749],[-79.06674,-7.10697],[-79.066,-7.10573],[-79.06579,-7.1052],[-79.06569,-7.10442],[-79.06573,-7.10299],[-79.06594,-7.10214],[-79.06597,-7.10093],[-79.06582,-7.09986],[-79.0655,-7.09886],[-79.06542,-7.09859],[-79.0648,-7.09736],[-79.06479,-7.09734],[-79.06468,-7.0968],[-79.06468,-7.09519],[-79.06446,-7.09388],[-79.06467,-7.0929],[-79.06461,-7.09162],[-79.06462,-7.09075],[-79.06433,-7.08916],[-79.06419,-7.08882],[-79.06343,-7.08755],[-79.06228,-7.08494],[-79.0622,-7.08477],[-79.06165,-7.08412],[-79.06147,-7.0839],[-79.06081,-7.08254],[-79.06055,-7.08175],[-79.06047,-7.08125],[-79.06048,-7.08022],[-79.06062,-7.07864],[-79.06121,-7.07547],[-79.06112,-7.07438],[-79.06112,-7.07438],[-79.06124,-7.0724],[-79.06223,-7.07002],[-79.06357,-7.06805],[-79.06583,-7.06642],[-79.06729,-7.06532],[-79.06742,-7.06523],[-79.06856,-7.0645],[-79.06984,-7.06323],[-79.07054,-7.06137],[-79.07106,-7.05951],[-79.07118,-7.05829],[-79.07087,-7.05671],[-79.07085,-7.05659],[-79.07068,-7.05638],[-79.06833,-7.05541],[-79.06638,-7.05403],[-79.06468,-7.05186],[-79.06211,-7.04948],[-79.06078,-7.04735],[-79.06079,-7.04593],[-79.06103,-7.04456],[-79.06097,-7.04348],[-79.06099,-7.03949],[-79.06035,-7.03881],[-79.05989,-7.0378],[-79.05997,-7.03694],[-79.06024,-7.03399],[-79.06067,-7.03121],[-79.06102,-7.02894],[-79.06107,-7.02873],[-79.06147,-7.02704],[-79.06159,-7.02658],[-79.06289,-7.02396],[-79.06621,-7.02103],[-79.06723,-7.01976],[-79.06864,-7.01849],[-79.0709,-7.01744],[-79.07362,-7.01581],[-79.0739,-7.01525],[-79.07369,-7.01338],[-79.07394,-7.01175],[-79.0745,-7.01052],[-79.07553,-7.00939],[-79.07668,-7.00838],[-79.07772,-7.0076]]]},"properties":{"IDDIST":"061110","NOMBDIST":"SAN GREGORIO","NOMBPROV":"SAN MIGUEL","NOMBDEP":"CAJAMARCA","name":"San Gregorio"}},{"type":"Feature","geometry":{"type":"Polygon","coordinates":[[[-79.05433,-6.97966],[-79.05854,-6.97798],[-79.0622,-6.97698],[-79.06491,-6.97644],[-79.06951,-6.97624],[-79.07247,-6.97611],[-79.07645,-6.97559],[-79.0771,-6.97589],[-79.07746,-6.97716],[-79.07822,-6.97785],[-79.0789,-6.97846],[-79.08027,-6.97971],[-79.08049,-6.98032],[-79.08087,-6.98133],[-79.08057,-6.98258],[-79.08057,-6.98563],[-79.0804,-6.9872],[-79.08018,-6.98918],[-79.08097,-6.99382],[-79.08097,-6.9962],[-79.08053,-6.99819],[-79.08033,-7.00051],[-79.08026,-7.00279],[-79.07997,-7.00422],[-79.07772,-7.0076],[-79.07668,-7.00838],[-79.07553,-7.00939],[-79.0745,-7.01052],[-79.07394,-7.01175],[-79.07369,-7.01338],[-79.0739,-7.01525],[-79.07362,-7.01581],[-79.0709,-7.01744],[-79.06864,-7.01849],[-79.06723,-7.01976],[-79.06621,-7.02103],[-79.06289,-7.02396],[-79.06159,-7.02658],[-79.06147,-7.02704],[-79.06107,-7.02873],[-79.06102,-7.02894],[-79.06067,-7.03121],[-79.06024,-7.03399],[-79.05997,-7.03694],[-79.05989,-7.0378],[-79.06035,-7.03881],[-79.06099,-7.03949],[-79.06097,-7.04348],[-79.06103,-7.04456],[-79.06079,-7.04593],[-79.06078,-7.04735],[-79.06211,-7.04948],[-79.06468,-7.05186],[-79.06638,-7.05403],[-79.06833,-7.05541],[-79.07068,-7.05638],[-79.07085,-7.05659],[-79.07087,-7.05671],[-79.07118,-7.05829],[-79.07106,-7.05951],[-79.07054,-7.06137],[-79.06984,-7.06323],[-79.06856,-7.0645],[-79.06742,-7.06523],[-79.06729,-7.06532],[-79.06583,-7.06642],[-79.06357,-7.06805],[-79.06223,-7.07002],[-79.06124,-7.0724],[-79.06112,-7.07438],[-79.06112,-7.07438],[-79.06121,-7.07547],[-79.06062,-7.07864],[-79.06048,-7.08022],[-79.06047,-7.08125],[-79.06055,-7.08175],[-79.06081,-7.08254],[-79.06147,-7.0839],[-79.06165,-7.08412],[-79.0622,-7.08477],[-79.06228,-7.08494],[-79.06343,-7.08755],[-79.06419,-7.08882],[-79.06433,-7.08916],[-79.06462,-7.09075],[-79.06461,-7.09162],[-79.06467,-7.0929],[-79.06446,-7.09388],[-79.06468,-7.09519],[-79.06468,-7.0968],[-79.06479,-7.09734],[-79.0648,-7.09736],[-79.06542,-7.09859],[-79.0655,-7.09886],[-79.06582,-7.09986],[-79.06597,-7.10093],[-79.06594,-7.10214],[-79.06573,-7.10299],[-79.06569,-7.10442],[-79.06579,-7.1052],[-79.066,-7.10573],[-79.06674,-7.10697],[-79.0673,-7.10749],[-79.06744,-7.10758],[-79.06816,-7.10806],[-79.06829,-7.10824],[-79.06845,-7.10844],[-79.06864,-7.10905],[-79.07017,-7.10981],[-79.07244,-7.11143],[-79.07394,-7.11298],[-79.07723,-7.11518],[-79.08003,-7.11763],[-79.08173,-7.12004],[-79.08306,-7.12191],[-79.08362,-7.12307],[-79.08409,-7.12403],[-79.08452,-7.12578],[-79.08477,-7.12681],[-79.08489,-7.12729],[-79.08494,-7.12997],[-79.08566,-7.13113],[-79.08724,-7.13259],[-79.08784,-7.13344],[-79.08856,-7.13447],[-79.08912,-7.13654],[-79.08959,-7.13816],[-79.0897,-7.1396],[-79.08961,-7.14055],[-79.08958,-7.14087],[-79.08906,-7.14228],[-79.08806,-7.14346],[-79.08751,-7.14424],[-79.08696,-7.14521],[-79.08696,-7.14617],[-79.08721,-7.14717],[-79.08914,-7.15065],[-79.08956,-7.15263],[-79.09069,-7.15531],[-79.09129,-7.15771],[-79.09165,-7.15911],[-79.09209,-7.16034],[-79.09328,-7.16152],[-79.09391,-7.162],[-79.09475,-7.16263],[-79.0964,-7.16429],[-79.09736,-7.16532],[-79.09839,-7.16644],[-79.10035,-7.16967],[-79.10098,-7.17141],[-79.10118,-7.1726],[-79.10137,-7.17447],[-79.1011,-7.17596],[-79.09969,-7.17803],[-79.09956,-7.17983],[-79.10013,-7.18193],[-79.10063,-7.18317],[-79.1011,-7.18389],[-79.1016,-7.18442],[-79.10166,-7.18446],[-79.10204,-7.18474],[-79.10264,-7.18557],[-79.10278,-7.18586],[-79.10289,-7.18607],[-79.10409,-7.18856],[-79.10495,-7.19064],[-79.10517,-7.1916],[-79.10522,-7.19256],[-79.10501,-7.19344],[-79.10459,-7.19498],[-79.10408,-7.19629],[-79.10283,-7.19901],[-79.10125,-7.20089],[-79.09968,-7.203],[-79.0991,-7.20429],[-79.09876,-7.20457],[-79.09769,-7.20505],[-79.09596,-7.20717],[-79.09538,-7.20875],[-79.0953,-7.21022],[-79.09548,-7.21108],[-79.09632,-7.21347],[-79.0963,-7.21501],[-79.09635,-7.21548],[-79.09644,-7.21615],[-79.09596,-7.21649],[-79.09481,-7.21683],[-79.0933,-7.21728],[-79.09193,-7.21828],[-79.09027,-7.21971],[-79.08962,-7.22004],[-79.08833,-7.22049],[-79.08759,-7.2209],[-79.08716,-7.22171],[-79.08685,-7.22392],[-79.087,-7.22605],[-79.08712,-7.22769],[-79.08696,-7.22981],[-79.08683,-7.23156],[-79.08668,-7.23353],[-79.08589,-7.23626],[-79.08538,-7.23734],[-79.08475,-7.23828],[-79.08442,-7.23983],[-79.08458,-7.24089],[-79.08509,-7.24281],[-79.08559,-7.2456],[-79.08553,-7.24624],[-79.08487,-7.24853],[-79.08446,-7.24944],[-79.0836,-7.25076],[-79.0822,-7.25276],[-79.08175,-7.25267],[-79.08137,-7.2526],[-79.08048,-7.25253],[-79.08013,-7.25253],[-79.07959,-7.25247],[-79.07899,-7.25236],[-79.07819,-7.25249],[-79.07768,-7.25258],[-79.07717,-7.25258],[-79.07666,-7.25262],[-79.07571,-7.25267],[-79.07511,-7.25232],[-79.07476,-7.25219],[-79.07447,-7.25206],[-79.07422,-7.25194],[-79.07387,-7.25171],[-79.07359,-7.25149],[-79.0733,-7.25111],[-79.07308,-7.25086],[-79.07288,-7.25047],[-79.07267,-7.2501],[-79.07232,-7.24968],[-79.07182,-7.24917],[-79.07138,-7.24854],[-79.07112,-7.24815],[-79.07097,-7.24786],[-79.07075,-7.24752],[-79.07056,-7.24723],[-79.07031,-7.24682],[-79.07008,-7.2465],[-79.06977,-7.24621],[-79.06949,-7.24583],[-79.06913,-7.24539],[-79.06873,-7.24497],[-79.06747,-7.2441],[-79.06674,-7.24383],[-79.0664,-7.24368],[-79.0655,-7.24327],[-79.065,-7.24304],[-79.06468,-7.24295],[-79.0643,-7.24288],[-79.06389,-7.24278],[-79.06335,-7.24246],[-79.06314,-7.24214],[-79.06269,-7.24183],[-79.06237,-7.2416],[-79.06203,-7.24147],[-79.06148,-7.24128],[-79.06085,-7.241],[-79.05996,-7.24065],[-79.05945,-7.24052],[-79.05888,-7.2403],[-79.05885,-7.2403],[-79.05802,-7.23956],[-79.0579,-7.23931],[-79.05781,-7.23906],[-79.05777,-7.2388],[-79.05778,-7.23845],[-79.05778,-7.23788],[-79.05784,-7.23763],[-79.05801,-7.23729],[-79.05816,-7.237],[-79.05861,-7.23638],[-79.05884,-7.23607],[-79.059,-7.23578],[-79.05919,-7.2354],[-79.05945,-7.23493],[-79.05954,-7.23458],[-79.05958,-7.23417],[-79.05958,-7.23382],[-79.05958,-7.23344],[-79.05948,-7.23309],[-79.05939,-7.23271],[-79.05927,-7.23239],[-79.05914,-7.23211],[-79.05904,-7.23173],[-79.05896,-7.23141],[-79.05883,-7.23116],[-79.05857,-7.23058],[-79.05835,-7.23017],[-79.05804,-7.22995],[-79.0576,-7.22982],[-79.05666,-7.22971],[-79.05633,-7.2294],[-79.0561,-7.22937],[-79.05589,-7.22928],[-79.0556,-7.22896],[-79.05547,-7.22867],[-79.05531,-7.22845],[-79.05506,-7.22829],[-79.0548,-7.2282],[-79.0543,-7.22788],[-79.05411,-7.22779],[-79.05398,-7.22753],[-79.05392,-7.22728],[-79.05396,-7.2269],[-79.05399,-7.22643],[-79.05405,-7.22601],[-79.05418,-7.2257],[-79.05437,-7.22535],[-79.05454,-7.22503],[-79.05482,-7.22478],[-79.0552,-7.22444],[-79.05543,-7.22412],[-79.05558,-7.22371],[-79.05571,-7.22333],[-79.05571,-7.22292],[-79.05565,-7.22253],[-79.05553,-7.22225],[-79.05514,-7.22182],[-79.05474,-7.22107],[-79.05452,-7.22075],[-79.05424,-7.22047],[-79.05374,-7.21944],[-79.05365,-7.21919],[-79.05368,-7.21897],[-79.05397,-7.21834],[-79.05432,-7.2174],[-79.05451,-7.21649],[-79.05455,-7.2163],[-79.05455,-7.21583],[-79.05439,-7.21507],[-79.05417,-7.21469],[-79.05405,-7.21447],[-79.05392,-7.21428],[-79.05367,-7.21402],[-79.05326,-7.21367],[-79.05303,-7.21354],[-79.05271,-7.21345],[-79.05246,-7.21329],[-79.05233,-7.21303],[-79.05234,-7.21271],[-79.05244,-7.2125],[-79.05253,-7.21218],[-79.05259,-7.21186],[-79.05253,-7.2116],[-79.05234,-7.2112],[-79.05215,-7.21088],[-79.052,-7.2105],[-79.05178,-7.21014],[-79.05162,-7.20961],[-79.05163,-7.2092],[-79.05156,-7.20884],[-79.05138,-7.20844],[-79.05088,-7.20785],[-79.05056,-7.20759],[-79.0501,-7.20721],[-79.0493,-7.20641],[-79.04899,-7.20622],[-79.04851,-7.2059],[-79.04661,-7.2046],[-79.04633,-7.20412],[-79.04617,-7.20377],[-79.04629,-7.20348],[-79.04611,-7.20326],[-79.04608,-7.20288],[-79.04608,-7.20263],[-79.04605,-7.20237],[-79.04605,-7.20216],[-79.04602,-7.20187],[-79.04593,-7.20152],[-79.04571,-7.20111],[-79.04549,-7.20075],[-79.04526,-7.20041],[-79.04514,-7.20012],[-79.04511,-7.19971],[-79.04512,-7.19927],[-79.04508,-7.19885],[-79.04502,-7.19838],[-79.04499,-7.1978],[-79.04463,-7.19639],[-79.0445,-7.19601],[-79.04432,-7.19554],[-79.04413,-7.19519],[-79.04387,-7.195],[-79.04321,-7.19491],[-79.04237,-7.19497],[-79.04194,-7.19499],[-79.04172,-7.19502],[-79.04147,-7.19502],[-79.04114,-7.19502],[-79.04073,-7.19492],[-79.04029,-7.19479],[-79.04,-7.19469],[-79.03975,-7.19456],[-79.0395,-7.19437],[-79.03924,-7.19415],[-79.03861,-7.19358],[-79.03826,-7.19326],[-79.03746,-7.19239],[-79.03733,-7.19216],[-79.03714,-7.19176],[-79.03708,-7.19131],[-79.03592,-7.1888],[-79.03579,-7.18855],[-79.0357,-7.18801],[-79.03573,-7.18763],[-79.03586,-7.18741],[-79.03592,-7.18719],[-79.03596,-7.187],[-79.03596,-7.18683],[-79.03577,-7.18662],[-79.03561,-7.18645],[-79.03542,-7.18633],[-79.03529,-7.1863],[-79.0351,-7.1863],[-79.03481,-7.18629],[-79.03475,-7.18629],[-79.03453,-7.18636],[-79.03393,-7.18645],[-79.03308,-7.18648],[-79.03266,-7.18648],[-79.03218,-7.18647],[-79.03158,-7.18644],[-79.03095,-7.18634],[-79.03025,-7.18611],[-79.02971,-7.18592],[-79.02816,-7.18525],[-79.02775,-7.18509],[-79.02714,-7.18487],[-79.0267,-7.18471],[-79.02645,-7.18456],[-79.02612,-7.18443],[-79.02587,-7.18424],[-79.02528,-7.184],[-79.02447,-7.1837],[-79.02379,-7.18346],[-79.02309,-7.18309],[-79.0227,-7.18296],[-79.02223,-7.18286],[-79.02177,-7.18274],[-79.02163,-7.18262],[-79.02138,-7.18241],[-79.02104,-7.18226],[-79.02069,-7.18201],[-79.02026,-7.18156],[-79.01993,-7.18121],[-79.0195,-7.18073],[-79.01918,-7.18032],[-79.01871,-7.18003],[-79.01786,-7.17926],[-79.01761,-7.17916],[-79.0171,-7.17894],[-79.01698,-7.17888],[-79.01662,-7.17878],[-79.01591,-7.1787],[-79.01573,-7.1787],[-79.01554,-7.17872],[-79.0153,-7.17877],[-79.0151,-7.17882],[-79.01467,-7.179],[-79.0145,-7.17902],[-79.01391,-7.17913],[-79.0133,-7.17851],[-79.01269,-7.17794],[-79.01255,-7.17777],[-79.01245,-7.17749],[-79.01246,-7.17693],[-79.01244,-7.17598],[-79.01227,-7.1751],[-79.01226,-7.17463],[-79.01215,-7.17355],[-79.01226,-7.1734],[-79.0123,-7.173],[-79.01244,-7.17229],[-79.01294,-7.17058],[-79.01311,-7.17009],[-79.01344,-7.16935],[-79.01379,-7.16805],[-79.01373,-7.16757],[-79.01373,-7.16685],[-79.01383,-7.16642],[-79.01383,-7.16636],[-79.01388,-7.16558],[-79.01486,-7.16407],[-79.01514,-7.16374],[-79.01573,-7.16318],[-79.01624,-7.16255],[-79.01782,-7.15902],[-79.01885,-7.15755],[-79.01933,-7.15698],[-79.01951,-7.15674],[-79.01967,-7.15605],[-79.01955,-7.15492],[-79.01968,-7.15452],[-79.01993,-7.15339],[-79.02017,-7.15151],[-79.02024,-7.1511],[-79.02028,-7.15071],[-79.02081,-7.14981],[-79.02163,-7.14943],[-79.02226,-7.14926],[-79.02258,-7.14907],[-79.02381,-7.14793],[-79.02401,-7.14756],[-79.02407,-7.14725],[-79.02402,-7.14699],[-79.0237,-7.14627],[-79.02366,-7.14591],[-79.02369,-7.14551],[-79.02381,-7.14475],[-79.02378,-7.14436],[-79.02351,-7.14396],[-79.02262,-7.1431],[-79.02242,-7.1427],[-79.02248,-7.1421],[-79.02288,-7.14044],[-79.02289,-7.14038],[-79.02295,-7.13939],[-79.02322,-7.13789],[-79.02314,-7.13727],[-79.02302,-7.13699],[-79.02283,-7.13674],[-79.02282,-7.13673],[-79.02209,-7.13623],[-79.02144,-7.13557],[-79.02038,-7.13296],[-79.01992,-7.13232],[-79.01986,-7.13201],[-79.0199,-7.13173],[-79.02054,-7.13106],[-79.02062,-7.13082],[-79.02064,-7.13051],[-79.02029,-7.12917],[-79.02002,-7.12759],[-79.01977,-7.12738],[-79.01924,-7.12722],[-79.01905,-7.12688],[-79.01876,-7.12623],[-79.01893,-7.1249],[-79.01867,-7.124],[-79.01795,-7.12278],[-79.01718,-7.12219],[-79.01683,-7.12177],[-79.01656,-7.12116],[-79.01595,-7.12075],[-79.0158,-7.12055],[-79.01578,-7.12052],[-79.01572,-7.11752],[-79.01554,-7.11685],[-79.0152,-7.11597],[-79.01512,-7.11537],[-79.01518,-7.11495],[-79.01525,-7.11429],[-79.01518,-7.11385],[-79.0153,-7.11238],[-79.0155,-7.11101],[-79.01562,-7.10983],[-79.0155,-7.10948],[-79.01541,-7.10911],[-79.01462,-7.10743],[-79.01434,-7.10674],[-79.01433,-7.10672],[-79.01434,-7.10636],[-79.01452,-7.1058],[-79.01464,-7.10464],[-79.01458,-7.10422],[-79.01446,-7.10405],[-79.01399,-7.10377],[-79.01351,-7.10318],[-79.01284,-7.10188],[-79.01265,-7.10116],[-79.01264,-7.10074],[-79.01282,-7.10001],[-79.01333,-7.09905],[-79.01344,-7.09846],[-79.01322,-7.09778],[-79.01239,-7.09644],[-79.01211,-7.09575],[-79.01205,-7.09525],[-79.01223,-7.09367],[-79.01222,-7.09298],[-79.01186,-7.09062],[-79.01149,-7.09],[-79.01135,-7.0895],[-79.01146,-7.08823],[-79.01167,-7.08738],[-79.01289,-7.08456],[-79.01353,-7.08338],[-79.01397,-7.08243],[-79.01465,-7.08133],[-79.01494,-7.08024],[-79.01485,-7.07991],[-79.01406,-7.07877],[-79.01364,-7.07773],[-79.01298,-7.07691],[-79.01275,-7.07634],[-79.0127,-7.07523],[-79.0125,-7.07436],[-79.01255,-7.07332],[-79.01252,-7.07231],[-79.01231,-7.07136],[-79.01205,-7.06958],[-79.01205,-7.06881],[-79.0118,-7.06808],[-79.01171,-7.06756],[-79.01177,-7.0664],[-79.01193,-7.06551],[-79.01211,-7.06485],[-79.01221,-7.06384],[-79.01221,-7.0638],[-79.01285,-7.0628],[-79.01329,-7.06227],[-79.01431,-7.06152],[-79.01477,-7.06112],[-79.01614,-7.05875],[-79.01686,-7.05801],[-79.01719,-7.05748],[-79.01787,-7.05666],[-79.01807,-7.05627],[-79.01846,-7.05484],[-79.01846,-7.05425],[-79.01845,-7.05344],[-79.01855,-7.05279],[-79.01899,-7.0516],[-79.01935,-7.05067],[-79.01977,-7.04915],[-79.02041,-7.04826],[-79.02066,-7.04742],[-79.02083,-7.04639],[-79.02094,-7.04621],[-79.02158,-7.04491],[-79.02213,-7.04393],[-79.02214,-7.0439],[-79.02255,-7.04263],[-79.0226,-7.042],[-79.0225,-7.04142],[-79.02231,-7.04099],[-79.0218,-7.04048],[-79.02168,-7.04024],[-79.02161,-7.03983],[-79.02175,-7.03925],[-79.02185,-7.03905],[-79.02205,-7.03885],[-79.02311,-7.03849],[-79.02325,-7.03836],[-79.0233,-7.0381],[-79.02325,-7.03738],[-79.02318,-7.0372],[-79.0228,-7.03664],[-79.02284,-7.03619],[-79.02351,-7.03539],[-79.02384,-7.03469],[-79.02478,-7.03404],[-79.02511,-7.0337],[-79.02534,-7.03329],[-79.02553,-7.0327],[-79.02556,-7.0317],[-79.02509,-7.02997],[-79.02508,-7.02979],[-79.02511,-7.02973],[-79.02515,-7.02965],[-79.02543,-7.02943],[-79.02648,-7.02923],[-79.02767,-7.02822],[-79.02853,-7.02693],[-79.02893,-7.02632],[-79.02962,-7.02546],[-79.02984,-7.02496],[-79.03017,-7.02387],[-79.03032,-7.02373],[-79.03089,-7.02351],[-79.03117,-7.02334],[-79.03137,-7.02308],[-79.03161,-7.02255],[-79.03176,-7.02241],[-79.03201,-7.0224],[-79.03227,-7.02257],[-79.03253,-7.02284],[-79.03268,-7.02286],[-79.03306,-7.02273],[-79.03401,-7.02225],[-79.03524,-7.02181],[-79.03503,-7.02153],[-79.03486,-7.02119],[-79.0351,-7.01913],[-79.03509,-7.01891],[-79.0349,-7.01854],[-79.03476,-7.01836],[-79.03517,-7.01729],[-79.03594,-7.01334],[-79.03568,-7.01109],[-79.03513,-7.00987],[-79.03263,-7.00797],[-79.03153,-7.00687],[-79.03085,-7.00436],[-79.03108,-7.00224],[-79.03161,-7.00064],[-79.03224,-6.99945],[-79.03235,-6.99936],[-79.0365,-6.99609],[-79.03735,-6.99486],[-79.03899,-6.99245],[-79.04062,-6.98998],[-79.04185,-6.98896],[-79.04446,-6.98582],[-79.04709,-6.98418],[-79.04926,-6.98241],[-79.0524,-6.98075],[-79.05433,-6.97966]]]},"properties":{"IDDIST":"061113","NOMBDIST":"UNION AGUA BLANCA","NOMBPROV":"SAN MIGUEL","NOMBDEP":"CAJAMARCA","name":"Unión Agua Blanca"}},{"type":"Feature","geometry":{"type":"Polygon","coordinates":[[[-78.98458,-6.99653],[-78.98537,-6.99356],[-78.98565,-6.9925],[-78.98719,-6.98964],[-78.98848,-6.98881],[-78.99097,-6.98807],[-78.9933,-6.98756],[-78.99446,-6.9873],[-78.99651,-6.98685],[-78.99764,-6.98671],[-78.99882,-6.98656],[-79.00155,-6.98675],[-79.00361,-6.98666],[-79.00477,-6.98637],[-79.00555,-6.98568],[-79.00666,-6.98354],[-79.00885,-6.9767],[-79.00984,-6.97451],[-79.01114,-6.9727],[-79.01299,-6.97179],[-79.01345,-6.97156],[-79.01415,-6.9712],[-79.01581,-6.96969],[-79.01679,-6.96945],[-79.01956,-6.9694],[-79.02248,-6.97388],[-79.02696,-6.9772],[-79.02941,-6.97764],[-79.03251,-6.97772],[-79.03612,-6.97725],[-79.04044,-6.97732],[-79.0443,-6.97775],[-79.04836,-6.97885],[-79.05122,-6.9791],[-79.05158,-6.97914],[-79.05433,-6.97966],[-79.0524,-6.98075],[-79.04926,-6.98241],[-79.04709,-6.98418],[-79.04446,-6.98582],[-79.04185,-6.98896],[-79.04062,-6.98998],[-79.03899,-6.99245],[-79.03735,-6.99486],[-79.0365,-6.99609],[-79.03235,-6.99936],[-79.03224,-6.99945],[-79.03161,-7.00064],[-79.03108,-7.00224],[-79.03085,-7.00436],[-79.03153,-7.00687],[-79.03263,-7.00797],[-79.03513,-7.00987],[-79.03568,-7.01109],[-79.03594,-7.01334],[-79.03517,-7.01729],[-79.03476,-7.01836],[-79.0349,-7.01854],[-79.03509,-7.01891],[-79.0351,-7.01913],[-79.03486,-7.02119],[-79.03503,-7.02153],[-79.03524,-7.02181],[-79.03401,-7.02225],[-79.03306,-7.02273],[-79.03268,-7.02286],[-79.03253,-7.02284],[-79.03227,-7.02257],[-79.03201,-7.0224],[-79.03176,-7.02241],[-79.03161,-7.02255],[-79.03137,-7.02308],[-79.03117,-7.02334],[-79.03089,-7.02351],[-79.03032,-7.02373],[-79.03017,-7.02387],[-79.02984,-7.02496],[-79.02962,-7.02546],[-79.02893,-7.02632],[-79.02853,-7.02693],[-79.02767,-7.02822],[-79.02648,-7.02923],[-79.02543,-7.02943],[-79.02515,-7.02965],[-79.02511,-7.02973],[-79.02508,-7.02979],[-79.02509,-7.02997],[-79.02556,-7.0317],[-79.02553,-7.0327],[-79.02534,-7.03329],[-79.02511,-7.0337],[-79.02478,-7.03404],[-79.02384,-7.03469],[-79.02351,-7.03539],[-79.02284,-7.03619],[-79.0228,-7.03664],[-79.02318,-7.0372],[-79.02325,-7.03738],[-79.0233,-7.0381],[-79.02325,-7.03836],[-79.02311,-7.03849],[-79.02205,-7.03885],[-79.02185,-7.03905],[-79.02175,-7.03925],[-79.02161,-7.03983],[-79.02168,-7.04024],[-79.0218,-7.04048],[-79.02231,-7.04099],[-79.0225,-7.04142],[-79.0226,-7.042],[-79.02255,-7.04263],[-79.02214,-7.0439],[-79.02213,-7.04393],[-79.02158,-7.04491],[-79.02094,-7.04621],[-79.02083,-7.04639],[-79.02066,-7.04742],[-79.02041,-7.04826],[-79.01977,-7.04915],[-79.01935,-7.05067],[-79.01899,-7.0516],[-79.01855,-7.05279],[-79.01845,-7.05344],[-79.01846,-7.05425],[-79.01846,-7.05484],[-79.01807,-7.05627],[-79.01787,-7.05666],[-79.01719,-7.05748],[-79.01686,-7.05801],[-79.01614,-7.05875],[-79.01477,-7.06112],[-79.01431,-7.06152],[-79.01329,-7.06227],[-79.01285,-7.0628],[-79.01221,-7.0638],[-79.01221,-7.06384],[-79.01211,-7.06485],[-79.01193,-7.06551],[-79.01177,-7.0664],[-79.01171,-7.06756],[-79.0118,-7.06808],[-79.01205,-7.06881],[-79.01205,-7.06958],[-79.01231,-7.07136],[-79.01252,-7.07231],[-79.01255,-7.07332],[-79.0125,-7.07436],[-79.0127,-7.07523],[-79.01275,-7.07634],[-79.01298,-7.07691],[-79.01364,-7.07773],[-79.01406,-7.07877],[-79.01485,-7.07991],[-79.01494,-7.08024],[-79.01465,-7.08133],[-79.01397,-7.08243],[-79.01353,-7.08338],[-79.01289,-7.08456],[-79.01167,-7.08738],[-79.01146,-7.08823],[-79.01135,-7.0895],[-79.01149,-7.09],[-79.01186,-7.09062],[-79.01222,-7.09298],[-79.01223,-7.09367],[-79.01205,-7.09525],[-79.01211,-7.09575],[-79.01239,-7.09644],[-79.01322,-7.09778],[-79.01344,-7.09846],[-79.01333,-7.09905],[-79.01282,-7.10001],[-79.01264,-7.10074],[-79.01265,-7.10116],[-79.01284,-7.10188],[-79.01351,-7.10318],[-79.01399,-7.10377],[-79.01446,-7.10405],[-79.01458,-7.10422],[-79.01464,-7.10464],[-79.01452,-7.1058],[-79.01434,-7.10636],[-79.01433,-7.10672],[-79.01434,-7.10674],[-79.01462,-7.10743],[-79.01541,-7.10911],[-79.0155,-7.10948],[-79.01562,-7.10983],[-79.0155,-7.11101],[-79.0153,-7.11238],[-79.01518,-7.11385],[-79.01525,-7.11429],[-79.01518,-7.11495],[-79.01512,-7.11537],[-79.0152,-7.11597],[-79.01554,-7.11685],[-79.01572,-7.11752],[-79.01578,-7.12052],[-79.0158,-7.12055],[-79.01506,-7.12024],[-79.01448,-7.11963],[-79.01404,-7.11929],[-79.01379,-7.11856],[-79.01372,-7.11729],[-79.01343,-7.11651],[-79.01268,-7.11551],[-79.01239,-7.11501],[-79.01228,-7.1148],[-79.01209,-7.11428],[-79.01133,-7.11351],[-79.01063,-7.11289],[-79.01016,-7.11232],[-79.00915,-7.11045],[-79.00846,-7.10955],[-79.0075,-7.10881],[-79.00663,-7.10845],[-79.00603,-7.10812],[-79.00383,-7.10661],[-79.00351,-7.10627],[-79.00251,-7.10616],[-79.00193,-7.10593],[-79.00088,-7.10572],[-79.00045,-7.10576],[-79.0,-7.10598],[-78.99963,-7.10619],[-78.99807,-7.10664],[-78.99762,-7.10688],[-78.99654,-7.10685],[-78.99592,-7.10706],[-78.99536,-7.10715],[-78.99484,-7.10705],[-78.99389,-7.10711],[-78.99202,-7.10785],[-78.99047,-7.10807],[-78.98925,-7.10755],[-78.98792,-7.10712],[-78.9867,-7.10631],[-78.98402,-7.1056],[-78.98365,-7.10541],[-78.98332,-7.10508],[-78.98281,-7.10485],[-78.98237,-7.10489],[-78.98133,-7.1057],[-78.98067,-7.1059],[-78.97927,-7.10594],[-78.97776,-7.10534],[-78.97663,-7.10548],[-78.97529,-7.1055],[-78.97392,-7.1058],[-78.97303,-7.10591],[-78.97184,-7.10572],[-78.97033,-7.10585],[-78.96843,-7.10588],[-78.96806,-7.10577],[-78.96612,-7.10413],[-78.96496,-7.10349],[-78.96387,-7.10211],[-78.96255,-7.10015],[-78.96186,-7.09951],[-78.96083,-7.09891],[-78.96045,-7.09829],[-78.96027,-7.09759],[-78.96041,-7.09722],[-78.96113,-7.09639],[-78.96532,-7.0949],[-78.96611,-7.09443],[-78.96771,-7.09232],[-78.96852,-7.09004],[-78.96862,-7.08988],[-78.97043,-7.08675],[-78.97129,-7.08573],[-78.97283,-7.08481],[-78.97517,-7.08295],[-78.97683,-7.0803],[-78.98031,-7.07539],[-78.98287,-7.07013],[-78.98374,-7.0662],[-78.98436,-7.06368],[-78.98516,-7.06288],[-78.98567,-7.06236],[-78.98707,-7.06149],[-78.98903,-7.05954],[-78.99265,-7.05708],[-78.99309,-7.05657],[-78.9934,-7.05561],[-78.99356,-7.05478],[-78.99384,-7.05432],[-78.99432,-7.05355],[-78.99667,-7.05098],[-78.99811,-7.04982],[-78.99584,-7.04816],[-78.9953,-7.04827],[-78.99254,-7.05014],[-78.99216,-7.0502],[-78.992,-7.05011],[-78.99189,-7.04975],[-78.99183,-7.04853],[-78.99105,-7.04757],[-78.99107,-7.04678],[-78.9908,-7.0464],[-78.99036,-7.04642],[-78.98968,-7.04663],[-78.9887,-7.04721],[-78.98848,-7.04723],[-78.98809,-7.0471],[-78.98767,-7.0464],[-78.98611,-7.04597],[-78.9856,-7.04617],[-78.98512,-7.04615],[-78.98415,-7.04559],[-78.98327,-7.04545],[-78.98279,-7.04507],[-78.98259,-7.04514],[-78.98216,-7.04557],[-78.98193,-7.04567],[-78.98144,-7.04514],[-78.98137,-7.04481],[-78.98185,-7.04443],[-78.98187,-7.04408],[-78.98159,-7.04386],[-78.98136,-7.04342],[-78.98032,-7.04308],[-78.97995,-7.04285],[-78.9796,-7.04243],[-78.97967,-7.04161],[-78.97938,-7.04111],[-78.9794,-7.04048],[-78.9795,-7.04018],[-78.97983,-7.03971],[-78.97995,-7.03884],[-78.97982,-7.03839],[-78.9794,-7.0377],[-78.97942,-7.03743],[-78.97961,-7.03704],[-78.97958,-7.03681],[-78.97884,-7.03672],[-78.97845,-7.03644],[-78.9782,-7.03606],[-78.97773,-7.0347],[-78.97751,-7.03438],[-78.97698,-7.03395],[-78.97585,-7.03363],[-78.97535,-7.0334],[-78.97475,-7.03278],[-78.97448,-7.0321],[-78.97403,-7.03174],[-78.97379,-7.03137],[-78.97378,-7.0307],[-78.97426,-7.02977],[-78.97407,-7.02913],[-78.97407,-7.02886],[-78.97466,-7.02758],[-78.97479,-7.02685],[-78.97462,-7.02632],[-78.97454,-7.02609],[-78.97417,-7.02561],[-78.97424,-7.02537],[-78.97454,-7.0249],[-78.97471,-7.02464],[-78.97483,-7.0242],[-78.97473,-7.02381],[-78.97446,-7.02339],[-78.97443,-7.02333],[-78.9744,-7.02228],[-78.97416,-7.02161],[-78.97375,-7.02135],[-78.98458,-6.99653]]]},"properties":{"IDDIST":"061105","NOMBDIST":"EL PRADO","NOMBPROV":"SAN MIGUEL","NOMBDEP":"CAJAMARCA","name":"El Prado"}},{"type":"Feature","geometry":{"type":"Polygon","coordinates":[[[-79.12241,-7.01841],[-79.1231,-7.01515],[-79.12322,-7.01332],[-79.12298,-7.0107],[-79.12279,-7.00863],[-79.12323,-7.00725],[-79.12486,-7.0043],[-79.12671,-7.00373],[-79.12876,-7.00365],[-79.13211,-7.00335],[-79.13607,-7.00289],[-79.1382,-7.00145],[-79.13855,-6.9984],[-79.13825,-6.99471],[-79.13785,-6.99331],[-79.13513,-6.99115],[-79.13375,-6.99005],[-79.13261,-6.98944],[-79.13111,-6.9892],[-79.12962,-6.9883],[-79.12558,-6.98587],[-79.12396,-6.98547],[-79.1221,-6.98432],[-79.12006,-6.98359],[-79.11791,-6.98159],[-79.11623,-6.97915],[-79.11384,-6.9757],[-79.11227,-6.97395],[-79.11119,-6.97342],[-79.10955,-6.97305],[-79.10907,-6.97313],[-79.10755,-6.97338],[-79.10504,-6.97338],[-79.10358,-6.97264],[-79.10236,-6.97019],[-79.1016,-6.96906],[-79.10047,-6.96793],[-79.09944,-6.9652],[-79.10073,-6.96121],[-79.10087,-6.96012],[-79.10172,-6.95886],[-79.10222,-6.95812],[-79.10229,-6.95629],[-79.10233,-6.95535],[-79.10289,-6.95415],[-79.10594,-6.95136],[-79.10608,-6.95113],[-79.10688,-6.94985],[-79.10669,-6.94787],[-79.10688,-6.94561],[-79.10885,-6.94225],[-79.11012,-6.94105],[-79.11106,-6.94067],[-79.11337,-6.93973],[-79.11512,-6.9394],[-79.1187,-6.93849],[-79.12076,-6.93858],[-79.12234,-6.93894],[-79.12376,-6.93976],[-79.125,-6.94061],[-79.12626,-6.94088],[-79.12693,-6.94108],[-79.128,-6.94141],[-79.12955,-6.94225],[-79.13024,-6.94284],[-79.13098,-6.94348],[-79.13174,-6.94421],[-79.13279,-6.94494],[-79.13433,-6.94502],[-79.13522,-6.94499],[-79.13657,-6.94496],[-79.13705,-6.94494],[-79.1384,-6.94537],[-79.13959,-6.94574],[-79.14127,-6.94627],[-79.14259,-6.94629],[-79.14358,-6.94585],[-79.14387,-6.94554],[-79.14443,-6.94497],[-79.14474,-6.94395],[-79.14463,-6.94243],[-79.14474,-6.94118],[-79.14528,-6.93992],[-79.1462,-6.93898],[-79.14714,-6.93856],[-79.15149,-6.93811],[-79.15475,-6.93806],[-79.156,-6.93804],[-79.15689,-6.93783],[-79.15994,-6.93793],[-79.16036,-6.93802],[-79.1633,-6.93862],[-79.16651,-6.93927],[-79.16839,-6.93956],[-79.16988,-6.9394],[-79.17291,-6.93848],[-79.17442,-6.93726],[-79.17498,-6.93919],[-79.17582,-6.94014],[-79.1771,-6.94105],[-79.17786,-6.94136],[-79.17907,-6.94155],[-79.1819,-6.94203],[-79.18506,-6.94216],[-79.1859,-6.94231],[-79.18913,-6.94289],[-79.19142,-6.94265],[-79.19289,-6.94236],[-79.19441,-6.94243],[-79.19748,-6.94311],[-79.19771,-6.9431],[-79.19799,-6.9431],[-79.19832,-6.94309],[-79.20008,-6.94241],[-79.20067,-6.94243],[-79.20137,-6.94296],[-79.20205,-6.94392],[-79.20257,-6.94504],[-79.20361,-6.94725],[-79.20426,-6.94945],[-79.20462,-6.95243],[-79.20465,-6.95581],[-79.20444,-6.95973],[-79.20457,-6.9618],[-79.2047,-6.96374],[-79.20515,-6.96571],[-79.20554,-6.96737],[-79.2065,-6.96831],[-79.20737,-6.96872],[-79.20783,-6.96893],[-79.20974,-6.96927],[-79.21127,-6.97098],[-79.21264,-6.97253],[-79.21431,-6.97313],[-79.22139,-6.97436],[-79.22427,-6.97464],[-79.22567,-6.97487],[-79.22963,-6.97899],[-79.22905,-6.97941],[-79.22804,-6.98027],[-79.22761,-6.98051],[-79.22665,-6.98037],[-79.22588,-6.98016],[-79.22527,-6.98027],[-79.2248,-6.98061],[-79.22406,-6.98191],[-79.22365,-6.9823],[-79.22278,-6.98263],[-79.22139,-6.98299],[-79.21973,-6.98366],[-79.21839,-6.98406],[-79.21742,-6.98467],[-79.21587,-6.98604],[-79.21406,-6.98777],[-79.21348,-6.98856],[-79.21314,-6.98928],[-79.21292,-6.99084],[-79.21254,-6.99264],[-79.21198,-6.99378],[-79.21173,-6.99452],[-79.21176,-6.99547],[-79.21204,-6.99654],[-79.21209,-6.99699],[-79.21203,-6.99748],[-79.2117,-6.99877],[-79.21169,-7.0],[-79.21227,-7.00169],[-79.2125,-7.00319],[-79.21244,-7.00414],[-79.2123,-7.00442],[-79.21199,-7.00452],[-79.21122,-7.00446],[-79.21102,-7.00438],[-79.21031,-7.0045],[-79.20994,-7.00469],[-79.20957,-7.00498],[-79.20927,-7.00533],[-79.20907,-7.00588],[-79.20908,-7.00636],[-79.20996,-7.00817],[-79.21008,-7.00884],[-79.20992,-7.00915],[-79.20951,-7.00923],[-79.20925,-7.00947],[-79.20889,-7.01024],[-79.20864,-7.01054],[-79.20838,-7.01072],[-79.20803,-7.01071],[-79.20772,-7.01052],[-79.20712,-7.00979],[-79.20677,-7.00983],[-79.20659,-7.00993],[-79.20642,-7.0103],[-79.20635,-7.01182],[-79.20598,-7.01242],[-79.20563,-7.01277],[-79.20523,-7.01296],[-79.20464,-7.01296],[-79.20395,-7.01181],[-79.20324,-7.01147],[-79.20233,-7.01046],[-79.20128,-7.00989],[-79.20068,-7.00979],[-79.19954,-7.00987],[-79.19856,-7.01013],[-79.19808,-7.01043],[-79.19769,-7.01062],[-79.19724,-7.01058],[-79.19651,-7.01001],[-79.19593,-7.00996],[-79.19538,-7.01023],[-79.19473,-7.01066],[-79.19423,-7.01145],[-79.19391,-7.01167],[-79.19352,-7.01178],[-79.1928,-7.01179],[-79.19193,-7.01194],[-79.19055,-7.01177],[-79.18996,-7.01178],[-79.18813,-7.01225],[-79.18696,-7.01229],[-79.18621,-7.01242],[-79.18303,-7.01374],[-79.18134,-7.01483],[-79.17997,-7.01546],[-79.17892,-7.01568],[-79.17799,-7.01601],[-79.17629,-7.01696],[-79.17522,-7.01726],[-79.17423,-7.01761],[-79.17364,-7.01767],[-79.17255,-7.01766],[-79.17181,-7.01757],[-79.17103,-7.0172],[-79.17059,-7.01692],[-79.16968,-7.01606],[-79.16937,-7.01583],[-79.1683,-7.01528],[-79.16802,-7.01519],[-79.16763,-7.01519],[-79.16661,-7.01535],[-79.16474,-7.01583],[-79.16332,-7.01589],[-79.1609,-7.01626],[-79.1594,-7.01662],[-79.15795,-7.01662],[-79.15685,-7.01669],[-79.15526,-7.01653],[-79.15363,-7.01584],[-79.1533,-7.01576],[-79.15309,-7.01565],[-79.15264,-7.01563],[-79.15216,-7.0155],[-79.15143,-7.01553],[-79.14981,-7.01493],[-79.14928,-7.01479],[-79.14815,-7.01427],[-79.14746,-7.01427],[-79.14649,-7.01469],[-79.14603,-7.0148],[-79.14517,-7.01474],[-79.14319,-7.01415],[-79.1426,-7.0139],[-79.14137,-7.01354],[-79.14,-7.01303],[-79.13934,-7.01294],[-79.13872,-7.01303],[-79.13803,-7.01305],[-79.13789,-7.01305],[-79.13616,-7.01283],[-79.13439,-7.01293],[-79.13112,-7.01461],[-79.12732,-7.01621],[-79.12539,-7.01743],[-79.12298,-7.01829],[-79.12241,-7.01841]]]},"properties":{"IDDIST":"061102","NOMBDIST":"BOLIVAR","NOMBPROV":"SAN MIGUEL","NOMBDEP":"CAJAMARCA","name":"Bolívar"}},{"type":"Feature","geometry":{"type":"Polygon","coordinates":[[[-78.80273,-7.00796],[-78.80294,-7.00718],[-78.80396,-7.00615],[-78.80417,-7.00594],[-78.80493,-7.00425],[-78.80554,-7.00346],[-78.80596,-7.00272],[-78.80645,-7.00109],[-78.8065,-7.0],[-78.80649,-6.9996],[-78.80658,-6.99932],[-78.80751,-6.99826],[-78.80878,-6.99702],[-78.81104,-6.99542],[-78.81308,-6.99392],[-78.81425,-6.99305],[-78.81613,-6.99118],[-78.8169,-6.9899],[-78.8183,-6.98759],[-78.81984,-6.98599],[-78.82099,-6.98347],[-78.82167,-6.98227],[-78.82207,-6.9801],[-78.82291,-6.97605],[-78.82267,-6.9746],[-78.82269,-6.97291],[-78.82219,-6.97191],[-78.8211,-6.9697],[-78.8206,-6.96624],[-78.81925,-6.96354],[-78.81797,-6.96039],[-78.816,-6.95673],[-78.81535,-6.95616],[-78.81324,-6.95253],[-78.8124,-6.95024],[-78.81223,-6.94804],[-78.81258,-6.94721],[-78.81346,-6.94615],[-78.8141,-6.94453],[-78.81496,-6.94236],[-78.81588,-6.94073],[-78.81791,-6.93847],[-78.82454,-6.93403],[-78.82623,-6.93338],[-78.82998,-6.92981],[-78.83034,-6.92868],[-78.83064,-6.92898],[-78.83121,-6.92985],[-78.83145,-6.93036],[-78.83149,-6.93106],[-78.83126,-6.93219],[-78.83128,-6.93274],[-78.83235,-6.93446],[-78.83251,-6.93482],[-78.8328,-6.93642],[-78.83313,-6.93772],[-78.83322,-6.9386],[-78.83336,-6.93879],[-78.83391,-6.93894],[-78.83435,-6.93922],[-78.83495,-6.93974],[-78.83555,-6.94016],[-78.83598,-6.94062],[-78.8362,-6.94098],[-78.83647,-6.94205],[-78.83636,-6.94333],[-78.83644,-6.94466],[-78.83692,-6.94667],[-78.83715,-6.94734],[-78.83751,-6.94794],[-78.83797,-6.94842],[-78.83824,-6.94891],[-78.8385,-6.94971],[-78.83866,-6.95072],[-78.83908,-6.95192],[-78.83998,-6.95335],[-78.84032,-6.95372],[-78.84074,-6.95405],[-78.84111,-6.95443],[-78.84182,-6.9554],[-78.84229,-6.95616],[-78.84265,-6.95697],[-78.84295,-6.95781],[-78.84303,-6.95827],[-78.84306,-6.95964],[-78.84312,-6.95997],[-78.8436,-6.961],[-78.84443,-6.96225],[-78.84454,-6.96262],[-78.84414,-6.96325],[-78.84369,-6.96476],[-78.84359,-6.96621],[-78.84335,-6.96733],[-78.84321,-6.96762],[-78.84246,-6.96862],[-78.84235,-6.96907],[-78.84245,-6.96957],[-78.84304,-6.97071],[-78.84367,-6.97232],[-78.84428,-6.97346],[-78.84453,-6.97427],[-78.8446,-6.97481],[-78.84458,-6.97547],[-78.84449,-6.97586],[-78.84397,-6.97716],[-78.8437,-6.97822],[-78.84339,-6.97871],[-78.84333,-6.9789],[-78.84335,-6.97922],[-78.84376,-6.98003],[-78.84388,-6.98045],[-78.84399,-6.98177],[-78.84396,-6.98243],[-78.84417,-6.98332],[-78.84421,-6.98395],[-78.84413,-6.98487],[-78.84341,-6.98651],[-78.84316,-6.98751],[-78.84315,-6.98791],[-78.84326,-6.98835],[-78.84367,-6.98904],[-78.84387,-6.98953],[-78.8465,-6.98875],[-78.84781,-6.98878],[-78.84936,-6.98912],[-78.84961,-6.98918],[-78.84974,-6.9892],[-78.85193,-6.99055],[-78.85337,-6.99108],[-78.85474,-6.99025],[-78.85525,-6.99013],[-78.85584,-6.98998],[-78.85698,-6.9901],[-78.85757,-6.99045],[-78.85905,-6.99135],[-78.86152,-6.9918],[-78.86316,-6.99126],[-78.86365,-6.9906],[-78.86399,-6.99014],[-78.86469,-6.98724],[-78.86521,-6.98612],[-78.86734,-6.98472],[-78.87109,-6.98142],[-78.8734,-6.98],[-78.87646,-6.97906],[-78.87735,-6.97879],[-78.88372,-6.96975],[-78.8844,-6.96893],[-78.88517,-6.968],[-78.88643,-6.96719],[-78.88681,-6.96695],[-78.88791,-6.96624],[-78.8928,-6.96357],[-78.89383,-6.96301],[-78.89524,-6.96211],[-78.89675,-6.96115],[-78.90045,-6.95974],[-78.90329,-6.95863],[-78.90569,-6.95768],[-78.90672,-6.9583],[-78.90774,-6.96012],[-78.90986,-6.96274],[-78.91059,-6.96312],[-78.91345,-6.96463],[-78.9174,-6.96656],[-78.91894,-6.96771],[-78.92497,-6.97284],[-78.92655,-6.97361],[-78.92849,-6.97454],[-78.93038,-6.97609],[-78.93145,-6.97777],[-78.93202,-6.97868],[-78.93288,-6.98003],[-78.93542,-6.98392],[-78.93683,-6.98526],[-78.93718,-6.9856],[-78.93859,-6.98645],[-78.93957,-6.98777],[-78.93975,-6.98899],[-78.93957,-6.98986],[-78.939,-6.99254],[-78.93853,-6.99544],[-78.93841,-6.99738],[-78.93894,-6.99849],[-78.94005,-6.99896],[-78.94035,-6.99909],[-78.94253,-6.99953],[-78.94393,-6.99965],[-78.94538,-6.99909],[-78.94674,-6.99729],[-78.94765,-6.99538],[-78.94838,-6.99383],[-78.94936,-6.99222],[-78.95014,-6.99016],[-78.9507,-6.98985],[-78.95085,-6.98977],[-78.95322,-6.98848],[-78.95626,-6.98703],[-78.9567,-6.98682],[-78.95921,-6.98641],[-78.96257,-6.98667],[-78.9667,-6.98662],[-78.96779,-6.98661],[-78.96948,-6.98733],[-78.97078,-6.98766],[-78.97181,-6.98793],[-78.97232,-6.98812],[-78.97426,-6.98886],[-78.97596,-6.98948],[-78.97709,-6.99052],[-78.97769,-6.99207],[-78.97869,-6.99452],[-78.97988,-6.99562],[-78.98275,-6.99652],[-78.98458,-6.99653],[-78.97375,-7.02135],[-78.97416,-7.02161],[-78.9744,-7.02228],[-78.97443,-7.02333],[-78.97446,-7.02339],[-78.97473,-7.02381],[-78.97483,-7.0242],[-78.97471,-7.02464],[-78.97454,-7.0249],[-78.97424,-7.02537],[-78.97417,-7.02561],[-78.97454,-7.02609],[-78.97462,-7.02632],[-78.97479,-7.02685],[-78.97466,-7.02758],[-78.97407,-7.02886],[-78.97407,-7.02913],[-78.97426,-7.02977],[-78.97378,-7.0307],[-78.97379,-7.03137],[-78.97403,-7.03174],[-78.97448,-7.0321],[-78.97475,-7.03278],[-78.97535,-7.0334],[-78.97585,-7.03363],[-78.97698,-7.03395],[-78.97751,-7.03438],[-78.97773,-7.0347],[-78.9782,-7.03606],[-78.97845,-7.03644],[-78.97884,-7.03672],[-78.97958,-7.03681],[-78.97961,-7.03704],[-78.97942,-7.03743],[-78.9794,-7.0377],[-78.97982,-7.03839],[-78.97995,-7.03884],[-78.97983,-7.03971],[-78.9795,-7.04018],[-78.9794,-7.04048],[-78.97938,-7.04111],[-78.97967,-7.04161],[-78.9796,-7.04243],[-78.97995,-7.04285],[-78.98032,-7.04308],[-78.98136,-7.04342],[-78.98159,-7.04386],[-78.98187,-7.04408],[-78.98185,-7.04443],[-78.98137,-7.04481],[-78.98144,-7.04514],[-78.98193,-7.04567],[-78.98216,-7.04557],[-78.98259,-7.04514],[-78.98279,-7.04507],[-78.98327,-7.04545],[-78.98415,-7.04559],[-78.98512,-7.04615],[-78.9856,-7.04617],[-78.98611,-7.04597],[-78.98767,-7.0464],[-78.98809,-7.0471],[-78.98848,-7.04723],[-78.9887,-7.04721],[-78.98968,-7.04663],[-78.99036,-7.04642],[-78.9908,-7.0464],[-78.99107,-7.04678],[-78.99105,-7.04757],[-78.99183,-7.04853],[-78.99189,-7.04975],[-78.992,-7.05011],[-78.99216,-7.0502],[-78.99254,-7.05014],[-78.9953,-7.04827],[-78.99584,-7.04816],[-78.99811,-7.04982],[-78.99667,-7.05098],[-78.99432,-7.05355],[-78.99384,-7.05432],[-78.99356,-7.05478],[-78.9934,-7.05561],[-78.99309,-7.05657],[-78.99265,-7.05708],[-78.98903,-7.05954],[-78.98707,-7.06149],[-78.98567,-7.06236],[-78.98516,-7.06288],[-78.98436,-7.06368],[-78.98374,-7.0662],[-78.98287,-7.07013],[-78.98031,-7.07539],[-78.97683,-7.0803],[-78.97517,-7.08295],[-78.97283,-7.08481],[-78.97129,-7.08573],[-78.97043,-7.08675],[-78.96862,-7.08988],[-78.96852,-7.09004],[-78.96771,-7.09232],[-78.96611,-7.09443],[-78.96532,-7.0949],[-78.96113,-7.09639],[-78.96041,-7.09722],[-78.96027,-7.09759],[-78.96045,-7.09829],[-78.96083,-7.09891],[-78.96186,-7.09951],[-78.96255,-7.10015],[-78.96387,-7.10211],[-78.96496,-7.10349],[-78.96612,-7.10413],[-78.96806,-7.10577],[-78.96843,-7.10588],[-78.97033,-7.10585],[-78.97184,-7.10572],[-78.97303,-7.10591],[-78.97392,-7.1058],[-78.97529,-7.1055],[-78.97663,-7.10548],[-78.97776,-7.10534],[-78.97927,-7.10594],[-78.98067,-7.1059],[-78.98133,-7.1057],[-78.98237,-7.10489],[-78.98281,-7.10485],[-78.98332,-7.10508],[-78.98365,-7.10541],[-78.98402,-7.1056],[-78.9867,-7.10631],[-78.98792,-7.10712],[-78.98925,-7.10755],[-78.99047,-7.10807],[-78.99202,-7.10785],[-78.99389,-7.10711],[-78.99484,-7.10705],[-78.99536,-7.10715],[-78.99592,-7.10706],[-78.99654,-7.10685],[-78.99762,-7.10688],[-78.99807,-7.10664],[-78.99963,-7.10619],[-79.0,-7.10598],[-79.00045,-7.10576],[-79.00088,-7.10572],[-79.00193,-7.10593],[-79.00251,-7.10616],[-79.00351,-7.10627],[-79.00383,-7.10661],[-79.00603,-7.10812],[-79.00663,-7.10845],[-79.0075,-7.10881],[-79.00846,-7.10955],[-79.00915,-7.11045],[-79.01016,-7.11232],[-79.01063,-7.11289],[-79.01133,-7.11351],[-79.01209,-7.11428],[-79.01228,-7.1148],[-79.01239,-7.11501],[-79.01268,-7.11551],[-79.01343,-7.11651],[-79.01372,-7.11729],[-79.01379,-7.11856],[-79.01404,-7.11929],[-79.01448,-7.11963],[-79.01506,-7.12024],[-79.0158,-7.12055],[-79.01595,-7.12075],[-79.01656,-7.12116],[-79.01683,-7.12177],[-79.01718,-7.12219],[-79.01795,-7.12278],[-79.01867,-7.124],[-79.01893,-7.1249],[-79.01876,-7.12623],[-79.01905,-7.12688],[-79.01924,-7.12722],[-79.01977,-7.12738],[-79.02002,-7.12759],[-79.02029,-7.12917],[-79.02064,-7.13051],[-79.02062,-7.13082],[-79.02054,-7.13106],[-79.0199,-7.13173],[-79.01986,-7.13201],[-79.01992,-7.13232],[-79.02038,-7.13296],[-79.02144,-7.13557],[-79.02209,-7.13623],[-79.02282,-7.13673],[-79.02283,-7.13674],[-79.02302,-7.13699],[-79.02314,-7.13727],[-79.02322,-7.13789],[-79.02295,-7.13939],[-79.02289,-7.14038],[-79.02288,-7.14044],[-79.02248,-7.1421],[-79.02242,-7.1427],[-79.02262,-7.1431],[-79.02351,-7.14396],[-79.02378,-7.14436],[-79.02381,-7.14475],[-79.02369,-7.14551],[-79.02366,-7.14591],[-79.0237,-7.14627],[-79.02402,-7.14699],[-79.02407,-7.14725],[-79.02401,-7.14756],[-79.02381,-7.14793],[-79.02258,-7.14907],[-79.02226,-7.14926],[-79.02163,-7.14943],[-79.02081,-7.14981],[-79.02028,-7.15071],[-79.02024,-7.1511],[-79.02017,-7.15151],[-79.01993,-7.15339],[-79.01968,-7.15452],[-79.01955,-7.15492],[-79.01967,-7.15605],[-79.01951,-7.15674],[-79.01933,-7.15698],[-79.01885,-7.15755],[-79.01782,-7.15902],[-79.01624,-7.16255],[-79.01573,-7.16318],[-79.01514,-7.16374],[-79.01486,-7.16407],[-79.01388,-7.16558],[-79.01383,-7.16636],[-79.01383,-7.16642],[-79.01373,-7.16685],[-79.01373,-7.16757],[-79.01379,-7.16805],[-79.01344,-7.16935],[-79.01311,-7.17009],[-79.01294,-7.17058],[-79.01244,-7.17229],[-79.0123,-7.173],[-79.01226,-7.1734],[-79.01215,-7.17355],[-79.01226,-7.17463],[-79.01227,-7.1751],[-79.01244,-7.17598],[-79.01246,-7.17693],[-79.01245,-7.17749],[-79.01255,-7.17777],[-79.01269,-7.17794],[-79.0133,-7.17851],[-79.01391,-7.17913],[-79.01333,-7.1795],[-79.01241,-7.17955],[-79.01208,-7.17949],[-79.0118,-7.17937],[-79.01071,-7.17912],[-79.01028,-7.17903],[-79.00975,-7.17908],[-79.00895,-7.17947],[-79.00817,-7.1801],[-79.0076,-7.18038],[-79.00719,-7.18035],[-79.00614,-7.18005],[-79.00579,-7.18007],[-79.0054,-7.18018],[-79.00501,-7.18046],[-79.00445,-7.18104],[-79.0036,-7.18267],[-79.00148,-7.18508],[-79.00097,-7.18556],[-79.00057,-7.1858],[-79.0,-7.18604],[-78.99936,-7.18617],[-78.99842,-7.18637],[-78.99773,-7.18635],[-78.99726,-7.18633],[-78.99476,-7.18654],[-78.99313,-7.18643],[-78.99185,-7.18675],[-78.99152,-7.18694],[-78.99121,-7.1873],[-78.99049,-7.18865],[-78.98887,-7.18997],[-78.98779,-7.19105],[-78.98728,-7.19143],[-78.98611,-7.19184],[-78.98416,-7.19167],[-78.98289,-7.19162],[-78.9817,-7.19169],[-78.98167,-7.19168],[-78.98092,-7.19159],[-78.98009,-7.19128],[-78.97967,-7.19126],[-78.97842,-7.1912],[-78.97695,-7.19087],[-78.97624,-7.19048],[-78.97524,-7.18972],[-78.97472,-7.18961],[-78.97403,-7.18973],[-78.97272,-7.19021],[-78.97165,-7.19038],[-78.97083,-7.19032],[-78.97,-7.19],[-78.96937,-7.18995],[-78.96887,-7.19031],[-78.96842,-7.19086],[-78.96785,-7.19116],[-78.96673,-7.1911],[-78.96593,-7.19134],[-78.96536,-7.19168],[-78.9647,-7.19167],[-78.96407,-7.19146],[-78.96254,-7.1906],[-78.96069,-7.18992],[-78.95993,-7.18934],[-78.95837,-7.18773],[-78.95797,-7.1875],[-78.95717,-7.18737],[-78.95628,-7.18748],[-78.95568,-7.18767],[-78.95512,-7.18817],[-78.95498,-7.18927],[-78.95483,-7.18958],[-78.95451,-7.19027],[-78.95393,-7.19121],[-78.95399,-7.19189],[-78.95459,-7.19262],[-78.95539,-7.19328],[-78.95564,-7.19375],[-78.95577,-7.19458],[-78.95552,-7.19524],[-78.95487,-7.19574],[-78.95459,-7.19582],[-78.95359,-7.19613],[-78.95288,-7.19655],[-78.95215,-7.19686],[-78.95003,-7.19738],[-78.94964,-7.1976],[-78.94916,-7.19818],[-78.94897,-7.19866],[-78.94717,-7.20011],[-78.94646,-7.20119],[-78.94523,-7.20243],[-78.94482,-7.20302],[-78.94428,-7.20416],[-78.9437,-7.20487],[-78.94331,-7.2049],[-78.94273,-7.20479],[-78.94098,-7.20411],[-78.94005,-7.20391],[-78.93918,-7.20391],[-78.9384,-7.20414],[-78.93774,-7.20433],[-78.93721,-7.2043],[-78.93675,-7.20411],[-78.93621,-7.20373],[-78.93541,-7.20281],[-78.93467,-7.20226],[-78.93423,-7.20212],[-78.93376,-7.2022],[-78.93322,-7.20249],[-78.93121,-7.2036],[-78.92987,-7.20394],[-78.92925,-7.20419],[-78.92821,-7.20487],[-78.92653,-7.20645],[-78.92528,-7.20781],[-78.92382,-7.20825],[-78.92377,-7.20829],[-78.92243,-7.21014],[-78.92173,-7.21073],[-78.92129,-7.2109],[-78.92049,-7.21085],[-78.91954,-7.21095],[-78.91877,-7.21068],[-78.9184,-7.21075],[-78.91729,-7.21129],[-78.91693,-7.21129],[-78.91666,-7.21117],[-78.91632,-7.21068],[-78.9164,-7.20783],[-78.91618,-7.20752],[-78.91552,-7.20714],[-78.91415,-7.20683],[-78.9133,-7.20648],[-78.91209,-7.20527],[-78.91166,-7.20495],[-78.91101,-7.20463],[-78.91061,-7.20424],[-78.91036,-7.20345],[-78.91036,-7.20203],[-78.91028,-7.20141],[-78.90975,-7.20031],[-78.90949,-7.19842],[-78.9091,-7.19754],[-78.90816,-7.1967],[-78.90711,-7.19529],[-78.906,-7.19446],[-78.90529,-7.19422],[-78.90497,-7.19401],[-78.90435,-7.19323],[-78.90344,-7.19245],[-78.90272,-7.19211],[-78.90207,-7.19168],[-78.90179,-7.1913],[-78.90099,-7.18939],[-78.90064,-7.18885],[-78.89965,-7.18788],[-78.89819,-7.18688],[-78.89743,-7.18615],[-78.89692,-7.18514],[-78.89674,-7.1844],[-78.89666,-7.18356],[-78.89651,-7.18312],[-78.89552,-7.18171],[-78.89559,-7.18121],[-78.89509,-7.1807],[-78.89483,-7.18035],[-78.89409,-7.17982],[-78.89205,-7.17902],[-78.89043,-7.17792],[-78.8893,-7.17761],[-78.88887,-7.17717],[-78.88827,-7.17624],[-78.88818,-7.17557],[-78.88805,-7.17398],[-78.88765,-7.17391],[-78.88743,-7.17301],[-78.88695,-7.17205],[-78.88589,-7.17089],[-78.88563,-7.17043],[-78.88556,-7.16977],[-78.88572,-7.16898],[-78.8864,-7.16801],[-78.88691,-7.16661],[-78.88716,-7.16592],[-78.88716,-7.16505],[-78.88694,-7.16372],[-78.88675,-7.16168],[-78.88662,-7.16137],[-78.88579,-7.16015],[-78.88556,-7.15962],[-78.8851,-7.15908],[-78.88483,-7.15898],[-78.88451,-7.15899],[-78.88353,-7.1596],[-78.88326,-7.15967],[-78.883,-7.15958],[-78.88271,-7.15905],[-78.88237,-7.15775],[-78.88161,-7.15666],[-78.88136,-7.15579],[-78.88139,-7.15455],[-78.88171,-7.15343],[-78.88178,-7.15231],[-78.88154,-7.15145],[-78.88097,-7.15073],[-78.88087,-7.15021],[-78.88094,-7.14961],[-78.88088,-7.14861],[-78.88074,-7.14817],[-78.88029,-7.14771],[-78.88018,-7.14747],[-78.88008,-7.14597],[-78.87963,-7.1453],[-78.87904,-7.14397],[-78.87924,-7.14336],[-78.87833,-7.14236],[-78.87824,-7.14179],[-78.87842,-7.14126],[-78.87991,-7.1385],[-78.87991,-7.13698],[-78.88015,-7.13673],[-78.88113,-7.13639],[-78.88156,-7.13607],[-78.88245,-7.13509],[-78.88329,-7.13437],[-78.88348,-7.1337],[-78.88344,-7.13163],[-78.8833,-7.13114],[-78.88267,-7.13046],[-78.88242,-7.13006],[-78.8823,-7.12862],[-78.88212,-7.12832],[-78.88126,-7.12778],[-78.88047,-7.12693],[-78.87972,-7.12564],[-78.87989,-7.12503],[-78.88107,-7.12285],[-78.88117,-7.12233],[-78.88104,-7.12128],[-78.88136,-7.12045],[-78.88125,-7.11936],[-78.8813,-7.11779],[-78.88068,-7.11488],[-78.88075,-7.11279],[-78.8805,-7.11174],[-78.88047,-7.11116],[-78.88064,-7.11023],[-78.88089,-7.10968],[-78.88175,-7.1089],[-78.88238,-7.10877],[-78.88175,-7.10715],[-78.88181,-7.10595],[-78.88173,-7.10444],[-78.8819,-7.10339],[-78.88191,-7.10106],[-78.88205,-7.1006],[-78.88244,-7.10007],[-78.88289,-7.09915],[-78.88332,-7.09736],[-78.88311,-7.09619],[-78.88319,-7.09565],[-78.88245,-7.09534],[-78.88236,-7.09472],[-78.88245,-7.09365],[-78.88237,-7.09282],[-78.88283,-7.09193],[-78.88286,-7.09134],[-78.88259,-7.09089],[-78.88179,-7.09036],[-78.88117,-7.09012],[-78.87954,-7.08976],[-78.87848,-7.08915],[-78.87805,-7.08876],[-78.87778,-7.08825],[-78.8767,-7.08669],[-78.87696,-7.08577],[-78.87649,-7.08501],[-78.87577,-7.08453],[-78.87466,-7.08416],[-78.87351,-7.08348],[-78.87317,-7.08316],[-78.87309,-7.08231],[-78.87356,-7.0808],[-78.87357,-7.07915],[-78.87311,-7.07879],[-78.87382,-7.07711],[-78.87378,-7.07639],[-78.87384,-7.07585],[-78.87433,-7.07471],[-78.8744,-7.07363],[-78.87548,-7.06962],[-78.87547,-7.06942],[-78.87493,-7.06869],[-78.87471,-7.0682],[-78.87459,-7.06692],[-78.87485,-7.06579],[-78.8746,-7.06537],[-78.87357,-7.06488],[-78.87308,-7.06451],[-78.87302,-7.06414],[-78.87306,-7.06335],[-78.87275,-7.0625],[-78.8724,-7.06198],[-78.87113,-7.06054],[-78.87048,-7.05941],[-78.8699,-7.0587],[-78.86979,-7.0579],[-78.86993,-7.05652],[-78.86973,-7.05615],[-78.86931,-7.05582],[-78.86868,-7.05568],[-78.86829,-7.05534],[-78.86698,-7.05365],[-78.86582,-7.05338],[-78.86469,-7.0536],[-78.86415,-7.05362],[-78.86377,-7.05344],[-78.86352,-7.05317],[-78.86364,-7.05246],[-78.86486,-7.05102],[-78.86613,-7.05074],[-78.86662,-7.05048],[-78.86701,-7.04972],[-78.86697,-7.04893],[-78.8663,-7.0476],[-78.86618,-7.04722],[-78.86666,-7.04585],[-78.86674,-7.04517],[-78.86599,-7.04429],[-78.86562,-7.04307],[-78.8654,-7.04278],[-78.86375,-7.04193],[-78.86361,-7.04149],[-78.86261,-7.0414],[-78.86125,-7.04149],[-78.861,-7.04133],[-78.85995,-7.04097],[-78.85907,-7.04042],[-78.85878,-7.04014],[-78.85811,-7.03903],[-78.85771,-7.03879],[-78.85724,-7.03826],[-78.85703,-7.0379],[-78.8569,-7.03696],[-78.85668,-7.03653],[-78.85537,-7.0358],[-78.85507,-7.03502],[-78.85358,-7.0347],[-78.85219,-7.03444],[-78.85072,-7.03362],[-78.84911,-7.0334],[-78.84771,-7.03294],[-78.8469,-7.03285],[-78.84388,-7.03308],[-78.84242,-7.03303],[-78.84176,-7.03283],[-78.84119,-7.03236],[-78.84045,-7.03121],[-78.83973,-7.03037],[-78.83945,-7.03017],[-78.83866,-7.02991],[-78.83829,-7.02962],[-78.83701,-7.02764],[-78.83669,-7.02746],[-78.83482,-7.02681],[-78.83366,-7.02652],[-78.83203,-7.02633],[-78.83083,-7.02561],[-78.82981,-7.02569],[-78.82958,-7.02535],[-78.82939,-7.02454],[-78.82835,-7.02311],[-78.8272,-7.02239],[-78.82581,-7.02128],[-78.82507,-7.02097],[-78.82434,-7.02097],[-78.82322,-7.02134],[-78.82243,-7.0213],[-78.82121,-7.02111],[-78.81954,-7.0205],[-78.81857,-7.02035],[-78.81745,-7.02041],[-78.81629,-7.02027],[-78.81537,-7.01972],[-78.81512,-7.01892],[-78.81444,-7.01865],[-78.81364,-7.0187],[-78.81271,-7.01913],[-78.81216,-7.01926],[-78.81095,-7.0189],[-78.8109,-7.01866],[-78.81073,-7.01784],[-78.8105,-7.01745],[-78.81007,-7.01702],[-78.80988,-7.01664],[-78.8097,-7.01616],[-78.80931,-7.01587],[-78.80893,-7.01573],[-78.80879,-7.01545],[-78.80846,-7.01501],[-78.80803,-7.01501],[-78.80781,-7.01503],[-78.80751,-7.01506],[-78.80698,-7.01491],[-78.80637,-7.01438],[-78.80604,-7.01381],[-78.80542,-7.01376],[-78.80475,-7.01343],[-78.80352,-7.01237],[-78.80342,-7.01189],[-78.80343,-7.01151],[-78.80329,-7.01113],[-78.80333,-7.01061],[-78.80339,-7.00985],[-78.80325,-7.00904],[-78.80282,-7.00818],[-78.80273,-7.00796]]]},"properties":{"IDDIST":"061101","NOMBDIST":"SAN MIGUEL","NOMBPROV":"SAN MIGUEL","NOMBDEP":"CAJAMARCA","name":"San Miguel"}},{"type":"Feature","geometry":{"type":"Polygon","coordinates":[[[-79.17442,-6.93726],[-79.17509,-6.9348],[-79.17587,-6.92764],[-79.17668,-6.92484],[-79.17678,-6.92371],[-79.1771,-6.92256],[-79.17856,-6.91927],[-79.18084,-6.91694],[-79.18212,-6.9148],[-79.18301,-6.91297],[-79.18392,-6.91172],[-79.18818,-6.90965],[-79.18996,-6.90792],[-79.19093,-6.9067],[-79.19102,-6.90656],[-79.19548,-6.90309],[-79.19737,-6.90181],[-79.20026,-6.90154],[-79.20117,-6.90181],[-79.204,-6.90225],[-79.20538,-6.90264],[-79.20724,-6.90335],[-79.20913,-6.90407],[-79.21011,-6.90444],[-79.21081,-6.90471],[-79.21101,-6.90478],[-79.21147,-6.90465],[-79.21197,-6.90427],[-79.21301,-6.90381],[-79.21505,-6.90227],[-79.21728,-6.90058],[-79.21927,-6.89866],[-79.22161,-6.89674],[-79.22397,-6.89481],[-79.22614,-6.89319],[-79.22901,-6.89181],[-79.23021,-6.89124],[-79.23157,-6.89005],[-79.23298,-6.88837],[-79.23458,-6.8847],[-79.23483,-6.88335],[-79.23588,-6.88146],[-79.23704,-6.88064],[-79.23865,-6.88044],[-79.24136,-6.88089],[-79.24286,-6.88076],[-79.24459,-6.88089],[-79.24827,-6.88179],[-79.25151,-6.88258],[-79.25475,-6.88237],[-79.25845,-6.88272],[-79.26008,-6.88192],[-79.26052,-6.88152],[-79.2613,-6.88083],[-79.26256,-6.87891],[-79.26364,-6.87826],[-79.26677,-6.87739],[-79.26894,-6.87588],[-79.27049,-6.8748],[-79.27147,-6.87362],[-79.27133,-6.87416],[-79.27169,-6.87504],[-79.27193,-6.87532],[-79.27308,-6.87665],[-79.27418,-6.877],[-79.27538,-6.87719],[-79.27712,-6.87766],[-79.278,-6.8779],[-79.27806,-6.87791],[-79.27931,-6.87841],[-79.28061,-6.87893],[-79.28567,-6.88069],[-79.28631,-6.88085],[-79.29094,-6.88206],[-79.29411,-6.88276],[-79.29564,-6.8835],[-79.29679,-6.88475],[-79.29729,-6.88596],[-79.29952,-6.88949],[-79.29997,-6.8902],[-79.30071,-6.89225],[-79.3014,-6.89344],[-79.30173,-6.89448],[-79.30202,-6.89482],[-79.30353,-6.89564],[-79.30483,-6.89598],[-79.30537,-6.89656],[-79.30872,-6.89904],[-79.3103,-6.90051],[-79.31101,-6.90134],[-79.3114,-6.9024],[-79.31139,-6.90454],[-79.31139,-6.90581],[-79.31086,-6.90728],[-79.31072,-6.90821],[-79.31102,-6.90974],[-79.31116,-6.91099],[-79.31098,-6.91266],[-79.31097,-6.91385],[-79.31059,-6.91554],[-79.30999,-6.91729],[-79.31005,-6.91815],[-79.3103,-6.91889],[-79.31082,-6.91969],[-79.31091,-6.92044],[-79.31074,-6.92143],[-79.31034,-6.9229],[-79.31033,-6.92476],[-79.31014,-6.9254],[-79.30884,-6.92685],[-79.30719,-6.92831],[-79.30502,-6.93023],[-79.30247,-6.93328],[-79.30033,-6.93668],[-79.29983,-6.9379],[-79.29949,-6.93988],[-79.29923,-6.94072],[-79.29915,-6.94258],[-79.29923,-6.9446],[-79.29936,-6.94539],[-79.30015,-6.9463],[-79.30108,-6.94737],[-79.30143,-6.94767],[-79.30272,-6.94905],[-79.30379,-6.95052],[-79.30442,-6.95171],[-79.30488,-6.95298],[-79.30504,-6.95389],[-79.30495,-6.95535],[-79.30486,-6.95676],[-79.30313,-6.96125],[-79.30332,-6.96242],[-79.30455,-6.96469],[-79.30723,-6.96821],[-79.30729,-6.96862],[-79.30719,-6.96916],[-79.30656,-6.97038],[-79.30607,-6.97159],[-79.30562,-6.97305],[-79.30535,-6.97511],[-79.30519,-6.97817],[-79.3048,-6.9791],[-79.30396,-6.98111],[-79.30267,-6.98474],[-79.30159,-6.98633],[-79.30136,-6.98667],[-79.30103,-6.98777],[-79.30094,-6.98899],[-79.30143,-6.99069],[-79.30245,-6.99194],[-79.30265,-6.99271],[-79.30233,-6.99378],[-79.30099,-6.99542],[-79.30033,-6.99659],[-79.29899,-6.99801],[-79.29721,-6.99917],[-79.29663,-6.99983],[-79.29665,-7.00074],[-79.29708,-7.00311],[-79.29779,-7.00392],[-79.29981,-7.00503],[-79.30199,-7.00553],[-79.30579,-7.00639],[-79.30724,-7.0074],[-79.30781,-7.00835],[-79.30824,-7.01016],[-79.3097,-7.01268],[-79.30977,-7.01368],[-79.30932,-7.0147],[-79.3093,-7.01546],[-79.30977,-7.01615],[-79.31098,-7.01672],[-79.31155,-7.01683],[-79.31235,-7.01699],[-79.31443,-7.01763],[-79.31578,-7.01815],[-79.31915,-7.01954],[-79.31934,-7.01967],[-79.31947,-7.01992],[-79.31953,-7.02036],[-79.31963,-7.02089],[-79.31969,-7.02158],[-79.32012,-7.0246],[-79.32091,-7.02519],[-79.32259,-7.02568],[-79.32302,-7.02648],[-79.32421,-7.02922],[-79.32478,-7.03174],[-79.32553,-7.03512],[-79.32579,-7.03692],[-79.32585,-7.039],[-79.32638,-7.04046],[-79.32668,-7.04171],[-79.32814,-7.04581],[-79.32897,-7.04769],[-79.32963,-7.05108],[-79.33111,-7.05465],[-79.33123,-7.0556],[-79.33162,-7.05735],[-79.33071,-7.06029],[-79.32968,-7.06316],[-79.32867,-7.06571],[-79.32824,-7.06878],[-79.32788,-7.07028],[-79.32748,-7.07148],[-79.32748,-7.07201],[-79.32785,-7.07294],[-79.32942,-7.07446],[-79.33034,-7.07511],[-79.33054,-7.07557],[-79.33049,-7.07597],[-79.3301,-7.07728],[-79.32933,-7.07898],[-79.32774,-7.08097],[-79.32715,-7.08173],[-79.32615,-7.08299],[-79.32531,-7.0834],[-79.32478,-7.08373],[-79.32408,-7.08403],[-79.32203,-7.08507],[-79.32132,-7.0852],[-79.32041,-7.08509],[-79.31965,-7.08488],[-79.31868,-7.08472],[-79.31809,-7.08466],[-79.3176,-7.08476],[-79.31727,-7.08504],[-79.31651,-7.08619],[-79.31595,-7.0871],[-79.31539,-7.08773],[-79.31502,-7.0882],[-79.31437,-7.08877],[-79.31323,-7.08991],[-79.31305,-7.09012],[-79.31292,-7.09039],[-79.31284,-7.09084],[-79.31284,-7.09087],[-79.31288,-7.09174],[-79.31273,-7.09284],[-79.31243,-7.09395],[-79.31223,-7.09462],[-79.31171,-7.09563],[-79.31157,-7.09676],[-79.31151,-7.0992],[-79.31246,-7.10468],[-79.31166,-7.11125],[-79.31148,-7.11271],[-79.31163,-7.11372],[-79.3126,-7.11552],[-79.31314,-7.11686],[-79.31374,-7.11832],[-79.31387,-7.11973],[-79.3137,-7.12066],[-79.31323,-7.1214],[-79.31214,-7.12252],[-79.30931,-7.1244],[-79.30738,-7.12556],[-79.30375,-7.12677],[-79.29991,-7.12758],[-79.29774,-7.12817],[-79.29692,-7.12875],[-79.29662,-7.12906],[-79.29619,-7.12962],[-79.296,-7.12911],[-79.29549,-7.12841],[-79.29507,-7.128],[-79.29459,-7.12764],[-79.2939,-7.12739],[-79.29272,-7.127],[-79.29166,-7.12647],[-79.29093,-7.12566],[-79.28778,-7.12367],[-79.28666,-7.12242],[-79.28578,-7.12162],[-79.28443,-7.12138],[-79.28222,-7.12136],[-79.28171,-7.12125],[-79.28016,-7.12062],[-79.27829,-7.12012],[-79.27778,-7.11992],[-79.27624,-7.1191],[-79.27544,-7.11856],[-79.27343,-7.11823],[-79.27006,-7.11785],[-79.26961,-7.1177],[-79.26875,-7.11718],[-79.26813,-7.11688],[-79.26712,-7.11652],[-79.26658,-7.11624],[-79.2653,-7.11605],[-79.26287,-7.11585],[-79.25819,-7.115],[-79.25349,-7.11462],[-79.25215,-7.11462],[-79.25125,-7.11473],[-79.24743,-7.1146],[-79.24612,-7.11393],[-79.24472,-7.11345],[-79.24364,-7.11337],[-79.24125,-7.11297],[-79.23959,-7.11308],[-79.23632,-7.11457],[-79.23518,-7.11509],[-79.23352,-7.11496],[-79.23097,-7.11383],[-79.22909,-7.11238],[-79.22737,-7.1113],[-79.22272,-7.1103],[-79.22111,-7.10996],[-79.22015,-7.10927],[-79.21932,-7.10893],[-79.21831,-7.1083],[-79.21742,-7.10759],[-79.21493,-7.10779],[-79.21439,-7.10775],[-79.2135,-7.10768],[-79.21187,-7.10682],[-79.2105,-7.10658],[-79.20966,-7.10661],[-79.20883,-7.10644],[-79.20831,-7.10634],[-79.20737,-7.10656],[-79.20369,-7.10839],[-79.20211,-7.1094],[-79.2004,-7.1105],[-79.20016,-7.11065],[-79.19946,-7.11078],[-79.19877,-7.1102],[-79.19633,-7.10716],[-79.19414,-7.10475],[-79.1906,-7.1042],[-79.18788,-7.10408],[-79.18701,-7.1035],[-79.18658,-7.10242],[-79.18617,-7.10039],[-79.18597,-7.09844],[-79.18351,-7.09658],[-79.18026,-7.09572],[-79.17966,-7.09526],[-79.17997,-7.09039],[-79.18091,-7.0883],[-79.18113,-7.08721],[-79.18031,-7.08386],[-79.17995,-7.08174],[-79.18047,-7.08041],[-79.1799,-7.07823],[-79.179,-7.07659],[-79.17906,-7.07452],[-79.17911,-7.07269],[-79.17834,-7.07131],[-79.17773,-7.0707],[-79.1773,-7.06936],[-79.17687,-7.06801],[-79.17675,-7.06548],[-79.17634,-7.06322],[-79.17588,-7.06148],[-79.17593,-7.06028],[-79.17557,-7.05871],[-79.17571,-7.05736],[-79.17564,-7.05597],[-79.1753,-7.05538],[-79.17425,-7.05503],[-79.17142,-7.05493],[-79.16885,-7.05347],[-79.16724,-7.05152],[-79.16642,-7.05051],[-79.16463,-7.04833],[-79.16321,-7.0466],[-79.16171,-7.04556],[-79.16058,-7.04549],[-79.1587,-7.0457],[-79.1566,-7.04563],[-79.15292,-7.04573],[-79.15135,-7.04585],[-79.15003,-7.0458],[-79.14808,-7.04546],[-79.14634,-7.04491],[-79.14398,-7.04358],[-79.14198,-7.04175],[-79.14128,-7.04101],[-79.14048,-7.04055],[-79.13887,-7.04005],[-79.13739,-7.03934],[-79.13601,-7.03896],[-79.1342,-7.03845],[-79.13249,-7.03754],[-79.13145,-7.03676],[-79.13086,-7.03618],[-79.1294,-7.03354],[-79.12837,-7.03168],[-79.12774,-7.03055],[-79.12702,-7.02813],[-79.12635,-7.02631],[-79.12601,-7.02539],[-79.12492,-7.02342],[-79.12444,-7.02267],[-79.12292,-7.02106],[-79.12239,-7.01918],[-79.12241,-7.01841],[-79.12298,-7.01829],[-79.12539,-7.01743],[-79.12732,-7.01621],[-79.13112,-7.01461],[-79.13439,-7.01293],[-79.13616,-7.01283],[-79.13789,-7.01305],[-79.13803,-7.01305],[-79.13872,-7.01303],[-79.13934,-7.01294],[-79.14,-7.01303],[-79.14137,-7.01354],[-79.1426,-7.0139],[-79.14319,-7.01415],[-79.14517,-7.01474],[-79.14603,-7.0148],[-79.14649,-7.01469],[-79.14746,-7.01427],[-79.14815,-7.01427],[-79.14928,-7.01479],[-79.14981,-7.01493],[-79.15143,-7.01553],[-79.15216,-7.0155],[-79.15264,-7.01563],[-79.15309,-7.01565],[-79.1533,-7.01576],[-79.15363,-7.01584],[-79.15526,-7.01653],[-79.15685,-7.01669],[-79.15795,-7.01662],[-79.1594,-7.01662],[-79.1609,-7.01626],[-79.16332,-7.01589],[-79.16474,-7.01583],[-79.16661,-7.01535],[-79.16763,-7.01519],[-79.16802,-7.01519],[-79.1683,-7.01528],[-79.16937,-7.01583],[-79.16968,-7.01606],[-79.17059,-7.01692],[-79.17103,-7.0172],[-79.17181,-7.01757],[-79.17255,-7.01766],[-79.17364,-7.01767],[-79.17423,-7.01761],[-79.17522,-7.01726],[-79.17629,-7.01696],[-79.17799,-7.01601],[-79.17892,-7.01568],[-79.17997,-7.01546],[-79.18134,-7.01483],[-79.18303,-7.01374],[-79.18621,-7.01242],[-79.18696,-7.01229],[-79.18813,-7.01225],[-79.18996,-7.01178],[-79.19055,-7.01177],[-79.19193,-7.01194],[-79.1928,-7.01179],[-79.19352,-7.01178],[-79.19391,-7.01167],[-79.19423,-7.01145],[-79.19473,-7.01066],[-79.19538,-7.01023],[-79.19593,-7.00996],[-79.19651,-7.01001],[-79.19724,-7.01058],[-79.19769,-7.01062],[-79.19808,-7.01043],[-79.19856,-7.01013],[-79.19954,-7.00987],[-79.20068,-7.00979],[-79.20128,-7.00989],[-79.20233,-7.01046],[-79.20324,-7.01147],[-79.20395,-7.01181],[-79.20464,-7.01296],[-79.20523,-7.01296],[-79.20563,-7.01277],[-79.20598,-7.01242],[-79.20635,-7.01182],[-79.20642,-7.0103],[-79.20659,-7.00993],[-79.20677,-7.00983],[-79.20712,-7.00979],[-79.20772,-7.01052],[-79.20803,-7.01071],[-79.20838,-7.01072],[-79.20864,-7.01054],[-79.20889,-7.01024],[-79.20925,-7.00947],[-79.20951,-7.00923],[-79.20992,-7.00915],[-79.21008,-7.00884],[-79.20996,-7.00817],[-79.20908,-7.00636],[-79.20907,-7.00588],[-79.20927,-7.00533],[-79.20957,-7.00498],[-79.20994,-7.00469],[-79.21031,-7.0045],[-79.21102,-7.00438],[-79.21122,-7.00446],[-79.21199,-7.00452],[-79.2123,-7.00442],[-79.21244,-7.00414],[-79.2125,-7.00319],[-79.21227,-7.00169],[-79.21169,-7.0],[-79.2117,-6.99877],[-79.21203,-6.99748],[-79.21209,-6.99699],[-79.21204,-6.99654],[-79.21176,-6.99547],[-79.21173,-6.99452],[-79.21198,-6.99378],[-79.21254,-6.99264],[-79.21292,-6.99084],[-79.21314,-6.98928],[-79.21348,-6.98856],[-79.21406,-6.98777],[-79.21587,-6.98604],[-79.21742,-6.98467],[-79.21839,-6.98406],[-79.21973,-6.98366],[-79.22139,-6.98299],[-79.22278,-6.98263],[-79.22365,-6.9823],[-79.22406,-6.98191],[-79.2248,-6.98061],[-79.22527,-6.98027],[-79.22588,-6.98016],[-79.22665,-6.98037],[-79.22761,-6.98051],[-79.22804,-6.98027],[-79.22905,-6.97941],[-79.22963,-6.97899],[-79.22567,-6.97487],[-79.22427,-6.97464],[-79.22139,-6.97436],[-79.21431,-6.97313],[-79.21264,-6.97253],[-79.21127,-6.97098],[-79.20974,-6.96927],[-79.20783,-6.96893],[-79.20737,-6.96872],[-79.2065,-6.96831],[-79.20554,-6.96737],[-79.20515,-6.96571],[-79.2047,-6.96374],[-79.20457,-6.9618],[-79.20444,-6.95973],[-79.20465,-6.95581],[-79.20462,-6.95243],[-79.20426,-6.94945],[-79.20361,-6.94725],[-79.20257,-6.94504],[-79.20205,-6.94392],[-79.20137,-6.94296],[-79.20067,-6.94243],[-79.20008,-6.94241],[-79.19832,-6.94309],[-79.19799,-6.9431],[-79.19771,-6.9431],[-79.19748,-6.94311],[-79.19441,-6.94243],[-79.19289,-6.94236],[-79.19142,-6.94265],[-79.18913,-6.94289],[-79.1859,-6.94231],[-79.18506,-6.94216],[-79.1819,-6.94203],[-79.17907,-6.94155],[-79.17786,-6.94136],[-79.1771,-6.94105],[-79.17582,-6.94014],[-79.17498,-6.93919],[-79.17442,-6.93726]]]},"properties":{"IDDIST":"061108","NOMBDIST":"NANCHOC","NOMBPROV":"SAN MIGUEL","NOMBDEP":"CAJAMARCA","name":"Nanchoc"}},{"type":"Feature","geometry":{"type":"Polygon","coordinates":[[[-78.62834,-6.86599],[-78.63069,-6.86387],[-78.6316,-6.8635],[-78.63311,-6.86336],[-78.63608,-6.8641],[-78.63808,-6.86459],[-78.63815,-6.86458],[-78.64007,-6.86462],[-78.64148,-6.86536],[-78.64179,-6.86541],[-78.64258,-6.8649],[-78.64642,-6.86243],[-78.64775,-6.86201],[-78.64873,-6.8617],[-78.65016,-6.86174],[-78.65102,-6.86191],[-78.65114,-6.86196],[-78.65435,-6.86211],[-78.65928,-6.86235],[-78.66141,-6.86364],[-78.66356,-6.86501],[-78.66478,-6.86462],[-78.66543,-6.86452],[-78.6663,-6.8646],[-78.66787,-6.86488],[-78.66925,-6.86503],[-78.67084,-6.8649],[-78.67197,-6.86502],[-78.67308,-6.86498],[-78.6743,-6.86516],[-78.67568,-6.86598],[-78.67645,-6.8667],[-78.67706,-6.86763],[-78.67752,-6.86863],[-78.67805,-6.86957],[-78.67911,-6.8702],[-78.68039,-6.87148],[-78.68145,-6.87237],[-78.68203,-6.8727],[-78.68302,-6.87309],[-78.68395,-6.87311],[-78.68445,-6.8732],[-78.68518,-6.87342],[-78.6858,-6.87342],[-78.6867,-6.87312],[-78.6876,-6.8732],[-78.68849,-6.87347],[-78.6905,-6.87389],[-78.6919,-6.87402],[-78.69362,-6.87429],[-78.69404,-6.8743],[-78.69425,-6.87418],[-78.69444,-6.8739],[-78.69454,-6.87346],[-78.69507,-6.87239],[-78.69532,-6.87213],[-78.69634,-6.87201],[-78.69674,-6.87187],[-78.69721,-6.87161],[-78.69769,-6.87112],[-78.69846,-6.86994],[-78.69926,-6.86904],[-78.69994,-6.86815],[-78.70093,-6.86775],[-78.70225,-6.86743],[-78.70269,-6.86713],[-78.70355,-6.8668],[-78.70511,-6.86646],[-78.7057,-6.86647],[-78.70657,-6.86668],[-78.70993,-6.86674],[-78.71172,-6.86691],[-78.7119,-6.86706],[-78.71256,-6.86854],[-78.71275,-6.86875],[-78.71335,-6.86902],[-78.71413,-6.86916],[-78.7151,-6.86953],[-78.71571,-6.86968],[-78.71673,-6.87013],[-78.71715,-6.87018],[-78.71777,-6.87014],[-78.71896,-6.86981],[-78.71987,-6.86984],[-78.72013,-6.86989],[-78.721,-6.87031],[-78.72127,-6.87037],[-78.72171,-6.87028],[-78.72238,-6.87057],[-78.72276,-6.87064],[-78.723,-6.8705],[-78.7234,-6.8698],[-78.72388,-6.86931],[-78.7242,-6.86908],[-78.72463,-6.86898],[-78.7249,-6.869],[-78.72517,-6.86912],[-78.72562,-6.86953],[-78.72645,-6.86999],[-78.72718,-6.87061],[-78.72804,-6.87182],[-78.72855,-6.8721],[-78.72865,-6.87222],[-78.72857,-6.87253],[-78.728,-6.87314],[-78.72774,-6.87369],[-78.72768,-6.87403],[-78.72772,-6.87432],[-78.72792,-6.87471],[-78.72928,-6.87599],[-78.73044,-6.87736],[-78.73112,-6.87769],[-78.7323,-6.879],[-78.73249,-6.87941],[-78.73268,-6.88009],[-78.73284,-6.88033],[-78.73331,-6.88065],[-78.73397,-6.88098],[-78.73437,-6.88131],[-78.73506,-6.88209],[-78.73701,-6.88348],[-78.73738,-6.88479],[-78.73803,-6.88594],[-78.73932,-6.88776],[-78.73977,-6.88896],[-78.74042,-6.89068],[-78.7429,-6.89359],[-78.74372,-6.89497],[-78.74393,-6.8957],[-78.74398,-6.89627],[-78.74383,-6.89682],[-78.74362,-6.89727],[-78.74358,-6.89754],[-78.74385,-6.89827],[-78.74481,-6.89994],[-78.74546,-6.90141],[-78.74594,-6.90214],[-78.74657,-6.90333],[-78.7472,-6.90435],[-78.7477,-6.90482],[-78.74869,-6.90536],[-78.74968,-6.90569],[-78.75005,-6.90592],[-78.75041,-6.90629],[-78.7509,-6.90709],[-78.75096,-6.90735],[-78.75104,-6.90768],[-78.75104,-6.90843],[-78.75113,-6.90877],[-78.75206,-6.90979],[-78.75239,-6.91057],[-78.75245,-6.91128],[-78.75242,-6.91245],[-78.75249,-6.9128],[-78.75307,-6.91411],[-78.75373,-6.91512],[-78.75393,-6.91561],[-78.75396,-6.91568],[-78.75414,-6.91636],[-78.75417,-6.91648],[-78.75421,-6.91698],[-78.75407,-6.91774],[-78.75409,-6.91805],[-78.7543,-6.91842],[-78.75492,-6.91921],[-78.75523,-6.91973],[-78.75603,-6.92067],[-78.75679,-6.92104],[-78.75777,-6.92182],[-78.75842,-6.92217],[-78.75953,-6.92251],[-78.76082,-6.92316],[-78.76144,-6.92381],[-78.76237,-6.92443],[-78.76262,-6.92478],[-78.76276,-6.92615],[-78.76296,-6.92674],[-78.76346,-6.9274],[-78.76428,-6.92819],[-78.76504,-6.92911],[-78.76644,-6.93024],[-78.7678,-6.9315],[-78.76858,-6.93206],[-78.77066,-6.93289],[-78.77139,-6.9338],[-78.77178,-6.93414],[-78.77343,-6.93496],[-78.77399,-6.93523],[-78.77532,-6.936],[-78.77661,-6.93702],[-78.77769,-6.93761],[-78.77803,-6.93805],[-78.77822,-6.93862],[-78.77824,-6.93901],[-78.77817,-6.93928],[-78.77804,-6.93951],[-78.77678,-6.941],[-78.77666,-6.94124],[-78.77676,-6.94172],[-78.77712,-6.94259],[-78.77712,-6.9428],[-78.77692,-6.94313],[-78.77643,-6.94339],[-78.77608,-6.94367],[-78.77583,-6.94416],[-78.77574,-6.94477],[-78.77591,-6.94526],[-78.77605,-6.94543],[-78.77624,-6.94551],[-78.77652,-6.94547],[-78.77719,-6.94519],[-78.77757,-6.94509],[-78.77833,-6.94528],[-78.77893,-6.9456],[-78.77998,-6.94653],[-78.78039,-6.94673],[-78.7805,-6.94684],[-78.78068,-6.94741],[-78.78039,-6.94854],[-78.78039,-6.94899],[-78.78057,-6.9495],[-78.78102,-6.95008],[-78.78114,-6.95051],[-78.78106,-6.95103],[-78.78061,-6.95188],[-78.78029,-6.95279],[-78.78025,-6.95305],[-78.78033,-6.95325],[-78.78056,-6.95342],[-78.78185,-6.95371],[-78.78241,-6.95394],[-78.78248,-6.95395],[-78.78331,-6.95416],[-78.78365,-6.9543],[-78.78477,-6.9554],[-78.7855,-6.95556],[-78.78576,-6.95574],[-78.78611,-6.95617],[-78.78687,-6.95741],[-78.78704,-6.9576],[-78.78821,-6.95819],[-78.78957,-6.95861],[-78.79053,-6.95913],[-78.79081,-6.95947],[-78.7908,-6.95971],[-78.79057,-6.96016],[-78.79011,-6.96069],[-78.78961,-6.96151],[-78.7892,-6.96206],[-78.78899,-6.96263],[-78.78896,-6.96303],[-78.78933,-6.96478],[-78.78933,-6.96622],[-78.78961,-6.96753],[-78.78982,-6.96814],[-78.79035,-6.96916],[-78.79107,-6.97093],[-78.79121,-6.97153],[-78.79132,-6.97303],[-78.79144,-6.97361],[-78.79215,-6.97479],[-78.79262,-6.97645],[-78.79269,-6.97709],[-78.79263,-6.97773],[-78.79279,-6.97854],[-78.79268,-6.97889],[-78.79229,-6.97974],[-78.7923,-6.98009],[-78.79243,-6.9805],[-78.79239,-6.98117],[-78.79225,-6.98213],[-78.79232,-6.98274],[-78.79247,-6.98309],[-78.79258,-6.98366],[-78.79261,-6.98458],[-78.79298,-6.98605],[-78.79378,-6.98788],[-78.79389,-6.98845],[-78.79388,-6.98978],[-78.79381,-6.99037],[-78.7938,-6.99104],[-78.79403,-6.9923],[-78.79373,-6.99478],[-78.79381,-6.9951],[-78.79427,-6.99596],[-78.79467,-6.9964],[-78.7952,-6.99735],[-78.79592,-6.99969],[-78.79605,-7.0],[-78.79636,-7.00082],[-78.79723,-7.002],[-78.79813,-7.00301],[-78.79828,-7.00313],[-78.79865,-7.00344],[-78.79912,-7.00392],[-78.79974,-7.00454],[-78.8005,-7.00507],[-78.80088,-7.00555],[-78.80159,-7.00626],[-78.80235,-7.00703],[-78.80273,-7.00796],[-78.80282,-7.00818],[-78.80325,-7.00904],[-78.80339,-7.00985],[-78.80333,-7.01061],[-78.80329,-7.01113],[-78.80343,-7.01151],[-78.80342,-7.01189],[-78.80352,-7.01237],[-78.80475,-7.01343],[-78.80542,-7.01376],[-78.80604,-7.01381],[-78.80637,-7.01438],[-78.80698,-7.01491],[-78.80751,-7.01506],[-78.80781,-7.01503],[-78.80803,-7.01501],[-78.80846,-7.01501],[-78.80879,-7.01545],[-78.80893,-7.01573],[-78.80931,-7.01587],[-78.8097,-7.01616],[-78.80988,-7.01664],[-78.81007,-7.01702],[-78.8105,-7.01745],[-78.81073,-7.01784],[-78.8109,-7.01866],[-78.81095,-7.0189],[-78.80968,-7.01901],[-78.80827,-7.01881],[-78.80651,-7.01972],[-78.80479,-7.01937],[-78.80255,-7.0193],[-78.80154,-7.01987],[-78.80067,-7.02015],[-78.79983,-7.02097],[-78.79902,-7.02147],[-78.79846,-7.02163],[-78.79671,-7.02181],[-78.79625,-7.02198],[-78.7947,-7.02295],[-78.79392,-7.0236],[-78.7937,-7.02367],[-78.79334,-7.02363],[-78.79257,-7.02282],[-78.79201,-7.02262],[-78.79129,-7.02273],[-78.78932,-7.02335],[-78.78882,-7.02333],[-78.78829,-7.02316],[-78.78714,-7.0234],[-78.78645,-7.02368],[-78.7845,-7.02158],[-78.78321,-7.02119],[-78.78209,-7.02081],[-78.78156,-7.02094],[-78.78184,-7.01988],[-78.78166,-7.01933],[-78.78135,-7.01904],[-78.7784,-7.01878],[-78.77736,-7.01849],[-78.77614,-7.01794],[-78.77481,-7.01717],[-78.77478,-7.01695],[-78.77524,-7.01455],[-78.77472,-7.01402],[-78.77403,-7.01381],[-78.77349,-7.01377],[-78.77238,-7.01392],[-78.77196,-7.01386],[-78.77164,-7.01371],[-78.77087,-7.01305],[-78.77079,-7.01266],[-78.77092,-7.01191],[-78.77076,-7.01154],[-78.77028,-7.01122],[-78.76957,-7.01111],[-78.76921,-7.01071],[-78.76868,-7.00991],[-78.76773,-7.00899],[-78.76705,-7.00854],[-78.76676,-7.00816],[-78.76655,-7.00756],[-78.76671,-7.00644],[-78.76665,-7.00609],[-78.76587,-7.00527],[-78.76566,-7.00449],[-78.76479,-7.00343],[-78.76443,-7.0032],[-78.76352,-7.00287],[-78.76309,-7.00262],[-78.76258,-7.00218],[-78.76201,-7.0014],[-78.76098,-7.00069],[-78.76032,-7.0],[-78.7602,-6.99988],[-78.76013,-6.99979],[-78.75964,-6.99955],[-78.75941,-6.99952],[-78.75851,-6.99972],[-78.75784,-6.99977],[-78.75621,-6.99962],[-78.75451,-6.99964],[-78.75297,-6.99966],[-78.75177,-6.99967],[-78.7505,-6.99972],[-78.74919,-6.99972],[-78.74871,-6.99957],[-78.74831,-6.99952],[-78.74667,-6.99975],[-78.74579,-6.99969],[-78.7438,-6.99984],[-78.7426,-6.99984],[-78.74135,-6.99968],[-78.74059,-6.99928],[-78.74008,-6.99865],[-78.73962,-6.9977],[-78.7383,-6.99604],[-78.73809,-6.99545],[-78.73811,-6.99526],[-78.73846,-6.99445],[-78.73846,-6.99318],[-78.73833,-6.99266],[-78.73798,-6.99189],[-78.73721,-6.98956],[-78.73708,-6.98898],[-78.73708,-6.98839],[-78.73716,-6.98794],[-78.73751,-6.98692],[-78.73801,-6.98597],[-78.73854,-6.98518],[-78.73892,-6.98392],[-78.73894,-6.98323],[-78.73875,-6.98281],[-78.73798,-6.98181],[-78.73774,-6.98129],[-78.73773,-6.98092],[-78.73791,-6.9798],[-78.7379,-6.97854],[-78.73774,-6.9778],[-78.73762,-6.97643],[-78.73748,-6.97586],[-78.73693,-6.97487],[-78.73584,-6.97357],[-78.73566,-6.97342],[-78.73539,-6.9732],[-78.73428,-6.97246],[-78.73204,-6.97171],[-78.73025,-6.97018],[-78.72896,-6.96929],[-78.72845,-6.96903],[-78.72793,-6.96876],[-78.7256,-6.96793],[-78.72366,-6.96793],[-78.72273,-6.96782],[-78.72247,-6.96773],[-78.72179,-6.96725],[-78.72124,-6.96673],[-78.72012,-6.96602],[-78.71956,-6.96542],[-78.71902,-6.96459],[-78.71806,-6.96343],[-78.71791,-6.9633],[-78.71725,-6.96275],[-78.71608,-6.96207],[-78.71534,-6.96183],[-78.71378,-6.96113],[-78.71299,-6.96067],[-78.71255,-6.96029],[-78.70977,-6.95692],[-78.70853,-6.95485],[-78.7085,-6.9548],[-78.7069,-6.95263],[-78.7066,-6.95231],[-78.7062,-6.95201],[-78.7052,-6.95148],[-78.70473,-6.95117],[-78.70356,-6.94995],[-78.70284,-6.94892],[-78.70246,-6.94821],[-78.70162,-6.94695],[-78.70152,-6.9465],[-78.70137,-6.94626],[-78.70103,-6.94597],[-78.7004,-6.94571],[-78.70007,-6.94546],[-78.6997,-6.94503],[-78.69889,-6.94434],[-78.6979,-6.94333],[-78.69657,-6.94198],[-78.69618,-6.94126],[-78.69602,-6.94075],[-78.69611,-6.93994],[-78.69642,-6.93923],[-78.69652,-6.93867],[-78.69638,-6.93688],[-78.69608,-6.93531],[-78.69608,-6.93465],[-78.69601,-6.93421],[-78.69575,-6.93395],[-78.69446,-6.93346],[-78.69337,-6.9332],[-78.69323,-6.93308],[-78.69306,-6.93282],[-78.69287,-6.9322],[-78.69262,-6.9306],[-78.69268,-6.92986],[-78.69278,-6.92928],[-78.6928,-6.92859],[-78.69271,-6.9283],[-78.69233,-6.9279],[-78.69226,-6.92768],[-78.69234,-6.92713],[-78.69228,-6.92656],[-78.69237,-6.92625],[-78.69261,-6.92585],[-78.69266,-6.92558],[-78.69244,-6.92478],[-78.6925,-6.92368],[-78.6923,-6.92283],[-78.69232,-6.92166],[-78.69219,-6.92077],[-78.69197,-6.92014],[-78.6919,-6.91813],[-78.69175,-6.91757],[-78.69146,-6.91697],[-78.69023,-6.91551],[-78.68968,-6.91467],[-78.68925,-6.91442],[-78.68827,-6.91437],[-78.68809,-6.91428],[-78.6878,-6.914],[-78.68751,-6.91354],[-78.68738,-6.91286],[-78.68701,-6.91209],[-78.68656,-6.91143],[-78.68552,-6.91037],[-78.68358,-6.9094],[-78.68303,-6.90885],[-78.68262,-6.90867],[-78.68194,-6.90866],[-78.68022,-6.90901],[-78.6798,-6.90898],[-78.67935,-6.90909],[-78.67905,-6.90908],[-78.67832,-6.90881],[-78.67807,-6.90859],[-78.67738,-6.90773],[-78.6766,-6.90724],[-78.67555,-6.90639],[-78.67504,-6.90635],[-78.67364,-6.90657],[-78.67253,-6.90645],[-78.67198,-6.90617],[-78.67089,-6.90521],[-78.67025,-6.90489],[-78.66979,-6.90478],[-78.66938,-6.90479],[-78.66872,-6.90494],[-78.66839,-6.90497],[-78.66693,-6.90473],[-78.66612,-6.90475],[-78.66378,-6.90526],[-78.66186,-6.90593],[-78.66059,-6.90609],[-78.65945,-6.90593],[-78.65852,-6.9059],[-78.65723,-6.90619],[-78.65639,-6.90657],[-78.65537,-6.90679],[-78.65489,-6.90682],[-78.65415,-6.90662],[-78.65331,-6.90624],[-78.65292,-6.90584],[-78.65229,-6.90505],[-78.65173,-6.90462],[-78.65123,-6.90434],[-78.64953,-6.90387],[-78.64917,-6.90363],[-78.64855,-6.90309],[-78.64758,-6.902],[-78.64689,-6.90112],[-78.64531,-6.89811],[-78.64401,-6.89631],[-78.64312,-6.89483],[-78.64264,-6.89426],[-78.6423,-6.89399],[-78.64099,-6.89336],[-78.64014,-6.89273],[-78.63744,-6.89181],[-78.63558,-6.8913],[-78.63468,-6.89088],[-78.63386,-6.89004],[-78.633,-6.88564],[-78.63163,-6.88257],[-78.62925,-6.88048],[-78.62771,-6.87828],[-78.62657,-6.8755],[-78.62687,-6.87252],[-78.62727,-6.87158],[-78.62781,-6.86925],[-78.62834,-6.86599]]]},"properties":{"IDDIST":"061111","NOMBDIST":"SAN SILVESTRE DE COCHAN","NOMBPROV":"SAN MIGUEL","NOMBDEP":"CAJAMARCA","name":"San Silvestre de Cochán"}},{"type":"Feature","geometry":{"type":"Polygon","coordinates":[[[-79.06853,-6.89762],[-79.12611,-6.90098],[-79.13062,-6.89678],[-79.14049,-6.88688],[-79.14462,-6.8831],[-79.14983,-6.87914],[-79.15244,-6.87761],[-79.15527,-6.8764],[-79.15736,-6.87617],[-79.1597,-6.87638],[-79.16179,-6.87697],[-79.17414,-6.88124],[-79.17869,-6.88278],[-79.18547,-6.88261],[-79.19048,-6.88216],[-79.19227,-6.88198],[-79.19371,-6.88148],[-79.19465,-6.88054],[-79.19499,-6.87825],[-79.19461,-6.8762],[-79.19444,-6.87449],[-79.19488,-6.87323],[-79.19569,-6.8718],[-79.19631,-6.87109],[-79.1975,-6.86972],[-79.19904,-6.86664],[-79.20036,-6.86327],[-79.20134,-6.86114],[-79.20275,-6.85918],[-79.20492,-6.85692],[-79.20633,-6.85534],[-79.20812,-6.85393],[-79.20958,-6.85355],[-79.21094,-6.85303],[-79.2132,-6.85248],[-79.21487,-6.85227],[-79.21576,-6.85171],[-79.21691,-6.85171],[-79.21909,-6.85169],[-79.21946,-6.85252],[-79.2212,-6.85438],[-79.22176,-6.8553],[-79.22195,-6.85591],[-79.22237,-6.85633],[-79.22271,-6.85667],[-79.22479,-6.85838],[-79.22573,-6.85891],[-79.22699,-6.85962],[-79.22848,-6.86023],[-79.22907,-6.86047],[-79.22952,-6.86054],[-79.23031,-6.86038],[-79.23161,-6.8598],[-79.23282,-6.85954],[-79.23301,-6.85962],[-79.23397,-6.86004],[-79.23475,-6.86019],[-79.23712,-6.86007],[-79.2395,-6.86044],[-79.24064,-6.86039],[-79.24126,-6.8602],[-79.24215,-6.85971],[-79.24301,-6.85924],[-79.24407,-6.85904],[-79.24598,-6.85868],[-79.24792,-6.85894],[-79.24909,-6.85932],[-79.25192,-6.86187],[-79.25237,-6.86204],[-79.25312,-6.86167],[-79.25635,-6.86045],[-79.25696,-6.86022],[-79.25908,-6.85977],[-79.26073,-6.85919],[-79.26173,-6.85912],[-79.26222,-6.85911],[-79.26274,-6.85916],[-79.26317,-6.8595],[-79.26377,-6.86035],[-79.26542,-6.8615],[-79.26784,-6.86328],[-79.26834,-6.86443],[-79.2691,-6.86499],[-79.26951,-6.86529],[-79.27104,-6.86647],[-79.27169,-6.86774],[-79.27213,-6.869],[-79.27226,-6.87034],[-79.27206,-6.8714],[-79.27164,-6.873],[-79.27147,-6.87362],[-79.27049,-6.8748],[-79.26894,-6.87588],[-79.26677,-6.87739],[-79.26364,-6.87826],[-79.26256,-6.87891],[-79.2613,-6.88083],[-79.26052,-6.88152],[-79.26008,-6.88192],[-79.25845,-6.88272],[-79.25475,-6.88237],[-79.25151,-6.88258],[-79.24827,-6.88179],[-79.24459,-6.88089],[-79.24286,-6.88076],[-79.24136,-6.88089],[-79.23865,-6.88044],[-79.23704,-6.88064],[-79.23588,-6.88146],[-79.23483,-6.88335],[-79.23458,-6.8847],[-79.23298,-6.88837],[-79.23157,-6.89005],[-79.23021,-6.89124],[-79.22901,-6.89181],[-79.22614,-6.89319],[-79.22397,-6.89481],[-79.22161,-6.89674],[-79.21927,-6.89866],[-79.21728,-6.90058],[-79.21505,-6.90227],[-79.21301,-6.90381],[-79.21197,-6.90427],[-79.21147,-6.90465],[-79.21101,-6.90478],[-79.21081,-6.90471],[-79.21011,-6.90444],[-79.20913,-6.90407],[-79.20724,-6.90335],[-79.20538,-6.90264],[-79.204,-6.90225],[-79.20117,-6.90181],[-79.20026,-6.90154],[-79.19737,-6.90181],[-79.19548,-6.90309],[-79.19102,-6.90656],[-79.19093,-6.9067],[-79.18996,-6.90792],[-79.18818,-6.90965],[-79.18392,-6.91172],[-79.18301,-6.91297],[-79.18212,-6.9148],[-79.18084,-6.91694],[-79.17856,-6.91927],[-79.1771,-6.92256],[-79.17678,-6.92371],[-79.17668,-6.92484],[-79.17587,-6.92764],[-79.17509,-6.9348],[-79.17442,-6.93726],[-79.17291,-6.93848],[-79.16988,-6.9394],[-79.16839,-6.93956],[-79.16651,-6.93927],[-79.1633,-6.93862],[-79.16036,-6.93802],[-79.15994,-6.93793],[-79.15689,-6.93783],[-79.156,-6.93804],[-79.15475,-6.93806],[-79.15149,-6.93811],[-79.14714,-6.93856],[-79.1462,-6.93898],[-79.14528,-6.93992],[-79.14474,-6.94118],[-79.14463,-6.94243],[-79.14474,-6.94395],[-79.14443,-6.94497],[-79.14387,-6.94554],[-79.14358,-6.94585],[-79.14259,-6.94629],[-79.14127,-6.94627],[-79.13959,-6.94574],[-79.1384,-6.94537],[-79.13705,-6.94494],[-79.13657,-6.94496],[-79.13522,-6.94499],[-79.13433,-6.94502],[-79.13279,-6.94494],[-79.13174,-6.94421],[-79.13098,-6.94348],[-79.13024,-6.94284],[-79.12955,-6.94225],[-79.128,-6.94141],[-79.12693,-6.94108],[-79.12626,-6.94088],[-79.125,-6.94061],[-79.12376,-6.93976],[-79.12234,-6.93894],[-79.12076,-6.93858],[-79.1187,-6.93849],[-79.11512,-6.9394],[-79.11337,-6.93973],[-79.11106,-6.94067],[-79.11012,-6.94105],[-79.10885,-6.94225],[-79.10688,-6.94561],[-79.10669,-6.94787],[-79.10688,-6.94985],[-79.10608,-6.95113],[-79.10594,-6.95136],[-79.10289,-6.95415],[-79.10233,-6.95535],[-79.10229,-6.95629],[-79.10222,-6.95812],[-79.10172,-6.95886],[-79.10087,-6.96012],[-79.10073,-6.96121],[-79.09944,-6.9652],[-79.10047,-6.96793],[-79.1016,-6.96906],[-79.10236,-6.97019],[-79.10358,-6.97264],[-79.10504,-6.97338],[-79.10755,-6.97338],[-79.10907,-6.97313],[-79.10955,-6.97305],[-79.11119,-6.97342],[-79.11227,-6.97395],[-79.11384,-6.9757],[-79.11623,-6.97915],[-79.11791,-6.98159],[-79.12006,-6.98359],[-79.1221,-6.98432],[-79.12396,-6.98547],[-79.12558,-6.98587],[-79.12962,-6.9883],[-79.13111,-6.9892],[-79.13261,-6.98944],[-79.13375,-6.99005],[-79.13513,-6.99115],[-79.13785,-6.99331],[-79.13825,-6.99471],[-79.13855,-6.9984],[-79.1382,-7.00145],[-79.13607,-7.00289],[-79.13211,-7.00335],[-79.12876,-7.00365],[-79.12671,-7.00373],[-79.12486,-7.0043],[-79.12323,-7.00725],[-79.12279,-7.00863],[-79.12298,-7.0107],[-79.12322,-7.01332],[-79.1231,-7.01515],[-79.12241,-7.01841],[-79.12116,-7.01628],[-79.1198,-7.01553],[-79.11545,-7.01374],[-79.11237,-7.0129],[-79.11089,-7.0125],[-79.10854,-7.01205],[-79.10252,-7.01088],[-79.09932,-7.01076],[-79.09673,-7.00999],[-79.09555,-7.00928],[-79.09345,-7.00802],[-79.09035,-7.00643],[-79.08748,-7.00568],[-79.08502,-7.00524],[-79.08317,-7.00524],[-79.08233,-7.00544],[-79.08041,-7.0059],[-79.07772,-7.0076],[-79.07997,-7.00422],[-79.08026,-7.00279],[-79.08033,-7.00051],[-79.08053,-6.99819],[-79.08097,-6.9962],[-79.08097,-6.99382],[-79.08018,-6.98918],[-79.0804,-6.9872],[-79.08057,-6.98563],[-79.08057,-6.98258],[-79.08087,-6.98133],[-79.08049,-6.98032],[-79.08027,-6.97971],[-79.0789,-6.97846],[-79.07822,-6.97785],[-79.07746,-6.97716],[-79.0771,-6.97589],[-79.07645,-6.97559],[-79.07247,-6.97611],[-79.06951,-6.97624],[-79.06491,-6.97644],[-79.0622,-6.97698],[-79.05854,-6.97798],[-79.05433,-6.97966],[-79.05158,-6.97914],[-79.05122,-6.9791],[-79.04836,-6.97885],[-79.0443,-6.97775],[-79.04044,-6.97732],[-79.03612,-6.97725],[-79.03251,-6.97772],[-79.02941,-6.97764],[-79.02696,-6.9772],[-79.02248,-6.97388],[-79.01956,-6.9694],[-79.02034,-6.96816],[-79.02257,-6.96479],[-79.02384,-6.96387],[-79.02536,-6.96313],[-79.02709,-6.96257],[-79.02792,-6.96275],[-79.02857,-6.96301],[-79.02893,-6.96304],[-79.02937,-6.96297],[-79.03097,-6.96224],[-79.03201,-6.96188],[-79.03401,-6.96093],[-79.03474,-6.96042],[-79.03539,-6.95946],[-79.03594,-6.95899],[-79.03616,-6.95887],[-79.03726,-6.95864],[-79.0386,-6.95767],[-79.03912,-6.95716],[-79.03971,-6.95647],[-79.04077,-6.95585],[-79.04104,-6.95538],[-79.04123,-6.95481],[-79.04164,-6.95421],[-79.04303,-6.95355],[-79.04405,-6.95333],[-79.04454,-6.95312],[-79.04637,-6.95171],[-79.04742,-6.95114],[-79.04764,-6.95078],[-79.04806,-6.94971],[-79.04813,-6.94922],[-79.04808,-6.94833],[-79.04814,-6.94798],[-79.04826,-6.94769],[-79.04855,-6.94726],[-79.04989,-6.94571],[-79.05022,-6.9452],[-79.05034,-6.94464],[-79.05022,-6.94372],[-79.0504,-6.94269],[-79.05051,-6.94222],[-79.05071,-6.94138],[-79.05023,-6.94046],[-79.05002,-6.93965],[-79.0501,-6.93928],[-79.05069,-6.9386],[-79.05118,-6.93829],[-79.05153,-6.93831],[-79.05251,-6.93864],[-79.05296,-6.93864],[-79.05526,-6.93671],[-79.05548,-6.93634],[-79.05561,-6.93586],[-79.05535,-6.93509],[-79.05548,-6.93465],[-79.05585,-6.93403],[-79.05642,-6.93322],[-79.05707,-6.93246],[-79.05723,-6.93213],[-79.0573,-6.93173],[-79.05731,-6.93105],[-79.05744,-6.93039],[-79.05741,-6.92911],[-79.05763,-6.92869],[-79.05757,-6.92837],[-79.05761,-6.92793],[-79.0584,-6.92479],[-79.05776,-6.92296],[-79.05762,-6.9222],[-79.05817,-6.92029],[-79.05788,-6.91877],[-79.05786,-6.91734],[-79.05798,-6.91678],[-79.05789,-6.91603],[-79.05806,-6.91494],[-79.05806,-6.91396],[-79.05816,-6.91345],[-79.05841,-6.91291],[-79.05968,-6.91131],[-79.06018,-6.91049],[-79.06051,-6.90937],[-79.06129,-6.90782],[-79.06233,-6.90607],[-79.0628,-6.90504],[-79.06328,-6.90362],[-79.06437,-6.9022],[-79.06601,-6.90078],[-79.06636,-6.90031],[-79.06718,-6.89947],[-79.0678,-6.89847],[-79.06853,-6.89762]]]},"properties":{"IDDIST":"061109","NOMBDIST":"NIEPOS","NOMBPROV":"SAN MIGUEL","NOMBDEP":"CAJAMARCA","name":"Niepos"}},{"type":"Feature","geometry":{"type":"Polygon","coordinates":[[[-78.91287,-6.84665],[-78.91381,-6.84711],[-78.91576,-6.84703],[-78.91596,-6.84695],[-78.91795,-6.84619],[-78.91829,-6.84597],[-78.92197,-6.84364],[-78.92363,-6.84318],[-78.92422,-6.84302],[-78.9263,-6.84328],[-78.92818,-6.84364],[-78.93035,-6.84316],[-78.93142,-6.8423],[-78.93245,-6.84058],[-78.93338,-6.83979],[-78.93645,-6.83958],[-78.93816,-6.84022],[-78.93959,-6.84179],[-78.94087,-6.84451],[-78.9423,-6.84579],[-78.94623,-6.84708],[-78.94976,-6.84696],[-78.95522,-6.84779],[-78.96,-6.84851],[-78.96286,-6.85007],[-78.96437,-6.8509],[-78.96442,-6.8512],[-78.965,-6.85238],[-78.96533,-6.85246],[-78.96558,-6.85266],[-78.96579,-6.85283],[-78.96706,-6.85483],[-78.96708,-6.85485],[-78.96708,-6.85485],[-78.96866,-6.85641],[-78.97047,-6.85875],[-78.97134,-6.85939],[-78.97291,-6.85976],[-78.97363,-6.86027],[-78.97408,-6.8605],[-78.97463,-6.86093],[-78.97525,-6.8612],[-78.97554,-6.86142],[-78.97851,-6.86242],[-78.98052,-6.86257],[-78.9829,-6.86238],[-78.98594,-6.86138],[-78.98947,-6.85937],[-78.9958,-6.85714],[-78.999,-6.85554],[-79.00199,-6.85432],[-79.00428,-6.85299],[-79.00573,-6.85215],[-79.00915,-6.84899],[-79.01281,-6.84615],[-79.01392,-6.84498],[-79.01715,-6.84343],[-79.0212,-6.84052],[-79.02293,-6.83974],[-79.02633,-6.83929],[-79.02965,-6.83822],[-79.02966,-6.83821],[-79.03176,-6.83763],[-79.03322,-6.83718],[-79.03337,-6.83715],[-79.03504,-6.83688],[-79.03705,-6.83727],[-79.03902,-6.83773],[-79.03912,-6.83775],[-79.04041,-6.83808],[-79.04154,-6.8386],[-79.04239,-6.83899],[-79.04433,-6.83941],[-79.04654,-6.83873],[-79.04905,-6.83647],[-79.04974,-6.83622],[-79.05137,-6.83643],[-79.05232,-6.8367],[-79.05248,-6.83682],[-79.0547,-6.8385],[-79.05583,-6.83926],[-79.05618,-6.83972],[-79.05649,-6.84052],[-79.05764,-6.84292],[-79.05853,-6.84399],[-79.05966,-6.84476],[-79.06005,-6.8448],[-79.06109,-6.84493],[-79.06204,-6.84474],[-79.06276,-6.84497],[-79.06364,-6.84576],[-79.06418,-6.8465],[-79.06469,-6.84719],[-79.06518,-6.84807],[-79.06554,-6.84871],[-79.06659,-6.8506],[-79.06719,-6.85169],[-79.06858,-6.85323],[-79.06916,-6.85447],[-79.06928,-6.85528],[-79.06934,-6.85567],[-79.06967,-6.85776],[-79.06961,-6.85973],[-79.06956,-6.86142],[-79.06952,-6.86258],[-79.06948,-6.86404],[-79.06956,-6.86578],[-79.06959,-6.86643],[-79.07079,-6.86716],[-79.07147,-6.8676],[-79.07261,-6.86835],[-79.07284,-6.86858],[-79.07352,-6.86925],[-79.0746,-6.87018],[-79.0755,-6.87073],[-79.07568,-6.87084],[-79.07691,-6.87115],[-79.07894,-6.87188],[-79.07955,-6.8721],[-79.07998,-6.87226],[-79.08053,-6.87262],[-79.0807,-6.87273],[-79.08113,-6.87302],[-79.08151,-6.87327],[-79.08189,-6.87352],[-79.08213,-6.87358],[-79.08288,-6.87376],[-79.08266,-6.8739],[-79.08243,-6.87419],[-79.08232,-6.87433],[-79.08205,-6.87454],[-79.08205,-6.87455],[-79.0803,-6.87546],[-79.07953,-6.87579],[-79.07889,-6.87599],[-79.07882,-6.87604],[-79.07792,-6.87661],[-79.0765,-6.87695],[-79.07583,-6.87726],[-79.0755,-6.87754],[-79.07543,-6.8776],[-79.07404,-6.87929],[-79.07341,-6.87983],[-79.0733,-6.87993],[-79.07246,-6.88048],[-79.07106,-6.88201],[-79.07022,-6.88342],[-79.06939,-6.88481],[-79.06931,-6.88506],[-79.06933,-6.88583],[-79.06933,-6.88586],[-79.06922,-6.88607],[-79.06905,-6.88638],[-79.069,-6.88653],[-79.06886,-6.887],[-79.06886,-6.8872],[-79.06906,-6.88781],[-79.06907,-6.88843],[-79.0686,-6.88964],[-79.06852,-6.8901],[-79.06827,-6.89065],[-79.06807,-6.89186],[-79.0681,-6.89303],[-79.06826,-6.89342],[-79.06857,-6.89388],[-79.06866,-6.89435],[-79.06865,-6.89597],[-79.06853,-6.89762],[-79.0678,-6.89847],[-79.06718,-6.89947],[-79.06636,-6.90031],[-79.06601,-6.90078],[-79.06437,-6.9022],[-79.06328,-6.90362],[-79.0628,-6.90504],[-79.06233,-6.90607],[-79.06129,-6.90782],[-79.06051,-6.90937],[-79.06018,-6.91049],[-79.05968,-6.91131],[-79.05841,-6.91291],[-79.05816,-6.91345],[-79.05806,-6.91396],[-79.05806,-6.91494],[-79.05789,-6.91603],[-79.05798,-6.91678],[-79.05786,-6.91734],[-79.05788,-6.91877],[-79.05817,-6.92029],[-79.05762,-6.9222],[-79.05776,-6.92296],[-79.0584,-6.92479],[-79.05761,-6.92793],[-79.05757,-6.92837],[-79.05763,-6.92869],[-79.05741,-6.92911],[-79.05744,-6.93039],[-79.05731,-6.93105],[-79.0573,-6.93173],[-79.05723,-6.93213],[-79.05707,-6.93246],[-79.05642,-6.93322],[-79.05585,-6.93403],[-79.05548,-6.93465],[-79.05535,-6.93509],[-79.05561,-6.93586],[-79.05548,-6.93634],[-79.05526,-6.93671],[-79.05296,-6.93864],[-79.05251,-6.93864],[-79.05153,-6.93831],[-79.05118,-6.93829],[-79.05069,-6.9386],[-79.0501,-6.93928],[-79.05002,-6.93965],[-79.05023,-6.94046],[-79.05071,-6.94138],[-79.05051,-6.94222],[-79.0504,-6.94269],[-79.05022,-6.94372],[-79.05034,-6.94464],[-79.05022,-6.9452],[-79.04989,-6.94571],[-79.04855,-6.94726],[-79.04826,-6.94769],[-79.04814,-6.94798],[-79.04808,-6.94833],[-79.04813,-6.94922],[-79.04806,-6.94971],[-79.04764,-6.95078],[-79.04742,-6.95114],[-79.04637,-6.95171],[-79.04454,-6.95312],[-79.04405,-6.95333],[-79.04303,-6.95355],[-79.04164,-6.95421],[-79.04123,-6.95481],[-79.04104,-6.95538],[-79.04077,-6.95585],[-79.03971,-6.95647],[-79.03912,-6.95716],[-79.0386,-6.95767],[-79.03726,-6.95864],[-79.03616,-6.95887],[-79.03594,-6.95899],[-79.03539,-6.95946],[-79.03474,-6.96042],[-79.03401,-6.96093],[-79.03201,-6.96188],[-79.03097,-6.96224],[-79.02937,-6.96297],[-79.02893,-6.96304],[-79.02857,-6.96301],[-79.02792,-6.96275],[-79.02709,-6.96257],[-79.02536,-6.96313],[-79.02384,-6.96387],[-79.02257,-6.96479],[-79.02034,-6.96816],[-79.01956,-6.9694],[-79.01679,-6.96945],[-79.01581,-6.96969],[-79.01415,-6.9712],[-79.01345,-6.97156],[-79.01299,-6.97179],[-79.01114,-6.9727],[-79.00984,-6.97451],[-79.00885,-6.9767],[-79.00666,-6.98354],[-79.00555,-6.98568],[-79.00477,-6.98637],[-79.00361,-6.98666],[-79.00155,-6.98675],[-78.99882,-6.98656],[-78.99764,-6.98671],[-78.99651,-6.98685],[-78.99446,-6.9873],[-78.9933,-6.98756],[-78.99097,-6.98807],[-78.98848,-6.98881],[-78.98719,-6.98964],[-78.98565,-6.9925],[-78.98537,-6.99356],[-78.98458,-6.99653],[-78.98275,-6.99652],[-78.97988,-6.99562],[-78.97869,-6.99452],[-78.97769,-6.99207],[-78.97709,-6.99052],[-78.97596,-6.98948],[-78.97426,-6.98886],[-78.97232,-6.98812],[-78.97181,-6.98793],[-78.97078,-6.98766],[-78.96948,-6.98733],[-78.96779,-6.98661],[-78.9667,-6.98662],[-78.96257,-6.98667],[-78.95921,-6.98641],[-78.9567,-6.98682],[-78.95626,-6.98703],[-78.95322,-6.98848],[-78.95085,-6.98977],[-78.9507,-6.98985],[-78.95014,-6.99016],[-78.94936,-6.99222],[-78.94838,-6.99383],[-78.94765,-6.99538],[-78.94674,-6.99729],[-78.94538,-6.99909],[-78.94393,-6.99965],[-78.94253,-6.99953],[-78.94035,-6.99909],[-78.94005,-6.99896],[-78.93894,-6.99849],[-78.93841,-6.99738],[-78.93853,-6.99544],[-78.939,-6.99254],[-78.93957,-6.98986],[-78.93975,-6.98899],[-78.93957,-6.98777],[-78.93859,-6.98645],[-78.93718,-6.9856],[-78.93683,-6.98526],[-78.93542,-6.98392],[-78.93288,-6.98003],[-78.93202,-6.97868],[-78.93145,-6.97777],[-78.93038,-6.97609],[-78.92849,-6.97454],[-78.92655,-6.97361],[-78.92497,-6.97284],[-78.91894,-6.96771],[-78.9174,-6.96656],[-78.91345,-6.96463],[-78.91059,-6.96312],[-78.90986,-6.96274],[-78.90774,-6.96012],[-78.90672,-6.9583],[-78.90569,-6.95768],[-78.90329,-6.95863],[-78.90045,-6.95974],[-78.89675,-6.96115],[-78.89524,-6.96211],[-78.89383,-6.96301],[-78.8928,-6.96357],[-78.88791,-6.96624],[-78.88681,-6.96695],[-78.88643,-6.96719],[-78.88517,-6.968],[-78.8844,-6.96893],[-78.88372,-6.96975],[-78.87735,-6.97879],[-78.87646,-6.97906],[-78.8734,-6.98],[-78.87109,-6.98142],[-78.86734,-6.98472],[-78.86521,-6.98612],[-78.86469,-6.98724],[-78.86399,-6.99014],[-78.86365,-6.9906],[-78.86316,-6.99126],[-78.86152,-6.9918],[-78.85905,-6.99135],[-78.85757,-6.99045],[-78.85698,-6.9901],[-78.85584,-6.98998],[-78.85525,-6.99013],[-78.85474,-6.99025],[-78.85337,-6.99108],[-78.85193,-6.99055],[-78.84974,-6.9892],[-78.84961,-6.98918],[-78.84936,-6.98912],[-78.84781,-6.98878],[-78.8465,-6.98875],[-78.84387,-6.98953],[-78.84367,-6.98904],[-78.84326,-6.98835],[-78.84315,-6.98791],[-78.84316,-6.98751],[-78.84341,-6.98651],[-78.84413,-6.98487],[-78.84421,-6.98395],[-78.84417,-6.98332],[-78.84396,-6.98243],[-78.84399,-6.98177],[-78.84388,-6.98045],[-78.84376,-6.98003],[-78.84335,-6.97922],[-78.84333,-6.9789],[-78.84339,-6.97871],[-78.8437,-6.97822],[-78.84397,-6.97716],[-78.84449,-6.97586],[-78.84458,-6.97547],[-78.8446,-6.97481],[-78.84453,-6.97427],[-78.84428,-6.97346],[-78.84367,-6.97232],[-78.84304,-6.97071],[-78.84245,-6.96957],[-78.84235,-6.96907],[-78.84246,-6.96862],[-78.84321,-6.96762],[-78.84335,-6.96733],[-78.84359,-6.96621],[-78.84369,-6.96476],[-78.84414,-6.96325],[-78.84454,-6.96262],[-78.84443,-6.96225],[-78.8436,-6.961],[-78.84312,-6.95997],[-78.84306,-6.95964],[-78.84303,-6.95827],[-78.84295,-6.95781],[-78.84265,-6.95697],[-78.84229,-6.95616],[-78.84182,-6.9554],[-78.84111,-6.95443],[-78.84074,-6.95405],[-78.84032,-6.95372],[-78.83998,-6.95335],[-78.83908,-6.95192],[-78.83866,-6.95072],[-78.8385,-6.94971],[-78.83824,-6.94891],[-78.83797,-6.94842],[-78.83751,-6.94794],[-78.83715,-6.94734],[-78.83692,-6.94667],[-78.83644,-6.94466],[-78.83636,-6.94333],[-78.83647,-6.94205],[-78.8362,-6.94098],[-78.83598,-6.94062],[-78.83555,-6.94016],[-78.83495,-6.93974],[-78.83435,-6.93922],[-78.83391,-6.93894],[-78.83336,-6.93879],[-78.83322,-6.9386],[-78.83313,-6.93772],[-78.8328,-6.93642],[-78.83251,-6.93482],[-78.83235,-6.93446],[-78.83128,-6.93274],[-78.83126,-6.93219],[-78.83149,-6.93106],[-78.83145,-6.93036],[-78.83121,-6.92985],[-78.83064,-6.92898],[-78.83034,-6.92868],[-78.82996,-6.9284],[-78.82949,-6.92827],[-78.82878,-6.92807],[-78.82721,-6.92742],[-78.82632,-6.92725],[-78.82524,-6.92717],[-78.82473,-6.92701],[-78.82437,-6.92663],[-78.8243,-6.92646],[-78.82425,-6.92632],[-78.82421,-6.92588],[-78.82425,-6.92541],[-78.8245,-6.92462],[-78.82455,-6.92444],[-78.82464,-6.92393],[-78.82476,-6.9232],[-78.82473,-6.92215],[-78.82479,-6.92169],[-78.82493,-6.92146],[-78.82551,-6.92107],[-78.82555,-6.92103],[-78.82604,-6.92049],[-78.8265,-6.91948],[-78.82674,-6.91853],[-78.82715,-6.91764],[-78.82733,-6.91696],[-78.82738,-6.91689],[-78.82774,-6.91637],[-78.82789,-6.91615],[-78.82797,-6.91568],[-78.82797,-6.91477],[-78.82828,-6.91406],[-78.82849,-6.91377],[-78.82869,-6.91363],[-78.82874,-6.91363],[-78.83004,-6.91332],[-78.83051,-6.9131],[-78.83093,-6.91269],[-78.83139,-6.91163],[-78.83146,-6.9115],[-78.83201,-6.91049],[-78.83209,-6.90972],[-78.832,-6.90877],[-78.83171,-6.90788],[-78.83122,-6.90704],[-78.83115,-6.90677],[-78.83117,-6.90631],[-78.83129,-6.90594],[-78.83144,-6.90573],[-78.83148,-6.9057],[-78.83271,-6.90476],[-78.83342,-6.90431],[-78.83579,-6.90391],[-78.83686,-6.90358],[-78.83857,-6.90304],[-78.84393,-6.8971],[-78.84896,-6.89337],[-78.85175,-6.88958],[-78.85267,-6.88616],[-78.85239,-6.88312],[-78.85309,-6.88155],[-78.85375,-6.88109],[-78.85506,-6.88018],[-78.85639,-6.87969],[-78.8596,-6.87771],[-78.86253,-6.87672],[-78.86428,-6.87571],[-78.86846,-6.87134],[-78.86945,-6.86972],[-78.8703,-6.86861],[-78.87157,-6.86781],[-78.87325,-6.86746],[-78.87619,-6.86711],[-78.87835,-6.86617],[-78.87889,-6.86594],[-78.88063,-6.86556],[-78.88159,-6.86512],[-78.8824,-6.86453],[-78.88438,-6.85919],[-78.88566,-6.857],[-78.88691,-6.8558],[-78.88782,-6.85558],[-78.88844,-6.85522],[-78.88841,-6.85457],[-78.88813,-6.84884],[-78.88796,-6.84539],[-78.89324,-6.84424],[-78.89468,-6.84427],[-78.89747,-6.84576],[-78.89759,-6.84583],[-78.89826,-6.84619],[-78.90049,-6.84691],[-78.90126,-6.84701],[-78.90236,-6.84716],[-78.90429,-6.84704],[-78.90474,-6.84702],[-78.90499,-6.84701],[-78.90788,-6.84697],[-78.91169,-6.84704],[-78.91233,-6.84695],[-78.91287,-6.84665]]]},"properties":{"IDDIST":"061103","NOMBDIST":"CALQUIS","NOMBPROV":"SAN MIGUEL","NOMBDEP":"CAJAMARCA","name":"Calquis"}},{"type":"Feature","geometry":{"type":"Polygon","coordinates":[[[-79.08288,-6.87376],[-79.08331,-6.87346],[-79.0849,-6.87274],[-79.08597,-6.87254],[-79.08767,-6.87247],[-79.08792,-6.87246],[-79.0882,-6.87242],[-79.0888,-6.87217],[-79.08953,-6.87205],[-79.09041,-6.87218],[-79.09046,-6.87219],[-79.09132,-6.87215],[-79.09212,-6.8719],[-79.09216,-6.87188],[-79.09261,-6.87167],[-79.0927,-6.87162],[-79.09287,-6.87165],[-79.09403,-6.87186],[-79.09409,-6.87185],[-79.09584,-6.87155],[-79.09916,-6.87028],[-79.10019,-6.8701],[-79.10161,-6.86984],[-79.10187,-6.86967],[-79.10222,-6.86945],[-79.10269,-6.86928],[-79.10362,-6.86879],[-79.10457,-6.86801],[-79.10529,-6.86762],[-79.10643,-6.86737],[-79.10829,-6.86721],[-79.10862,-6.86718],[-79.10974,-6.86709],[-79.11043,-6.86709],[-79.111,-6.86722],[-79.11134,-6.86722],[-79.11167,-6.8671],[-79.11235,-6.86671],[-79.11329,-6.86601],[-79.11357,-6.86588],[-79.11388,-6.86587],[-79.11473,-6.86614],[-79.11588,-6.86673],[-79.1163,-6.86684],[-79.11665,-6.86687],[-79.11723,-6.86674],[-79.12093,-6.86547],[-79.12187,-6.86538],[-79.12355,-6.8654],[-79.12405,-6.86527],[-79.12498,-6.86517],[-79.12636,-6.86531],[-79.12706,-6.86528],[-79.12793,-6.86563],[-79.12819,-6.86588],[-79.1285,-6.86636],[-79.12879,-6.86657],[-79.13106,-6.86696],[-79.13187,-6.86725],[-79.13219,-6.86755],[-79.1327,-6.86853],[-79.13292,-6.86881],[-79.13325,-6.86902],[-79.1337,-6.86908],[-79.13448,-6.86893],[-79.13512,-6.86871],[-79.1361,-6.86845],[-79.13666,-6.86802],[-79.13722,-6.86778],[-79.13941,-6.86735],[-79.13989,-6.86691],[-79.14017,-6.86665],[-79.14169,-6.86599],[-79.14261,-6.86581],[-79.14291,-6.86582],[-79.1435,-6.86597],[-79.14394,-6.86597],[-79.14546,-6.86579],[-79.14634,-6.8656],[-79.14686,-6.86532],[-79.14703,-6.86501],[-79.14719,-6.86393],[-79.14716,-6.8631],[-79.14748,-6.86174],[-79.14759,-6.8616],[-79.14819,-6.86088],[-79.15006,-6.85832],[-79.15048,-6.8575],[-79.15067,-6.85677],[-79.15054,-6.85542],[-79.1506,-6.85478],[-79.15071,-6.85437],[-79.15082,-6.85424],[-79.15099,-6.85404],[-79.1514,-6.85379],[-79.15178,-6.85366],[-79.15263,-6.85387],[-79.15488,-6.85543],[-79.1555,-6.85548],[-79.15602,-6.85588],[-79.15668,-6.8566],[-79.15736,-6.85707],[-79.15796,-6.85714],[-79.15846,-6.85709],[-79.1592,-6.85682],[-79.1598,-6.85651],[-79.16137,-6.85549],[-79.1618,-6.85511],[-79.16196,-6.85477],[-79.16209,-6.85403],[-79.16228,-6.85068],[-79.16242,-6.84962],[-79.16258,-6.84931],[-79.16281,-6.84918],[-79.16385,-6.84887],[-79.16515,-6.84795],[-79.16652,-6.84766],[-79.16696,-6.8473],[-79.16745,-6.84654],[-79.16819,-6.84619],[-79.169,-6.84611],[-79.17034,-6.84614],[-79.17075,-6.84609],[-79.17187,-6.84577],[-79.17267,-6.84537],[-79.17323,-6.84518],[-79.17506,-6.84486],[-79.17585,-6.84455],[-79.17648,-6.84421],[-79.17691,-6.84407],[-79.17744,-6.844],[-79.17807,-6.84371],[-79.17849,-6.8433],[-79.17877,-6.84283],[-79.17892,-6.84238],[-79.17898,-6.8418],[-79.18012,-6.83923],[-79.18054,-6.83853],[-79.18171,-6.8374],[-79.18368,-6.83609],[-79.1843,-6.83523],[-79.1846,-6.83459],[-79.18478,-6.83401],[-79.18517,-6.83328],[-79.18776,-6.83125],[-79.18866,-6.83033],[-79.18963,-6.82954],[-79.1915,-6.82854],[-79.19223,-6.82816],[-79.19278,-6.82766],[-79.19342,-6.82736],[-79.19408,-6.82743],[-79.19428,-6.82756],[-79.19529,-6.82773],[-79.19611,-6.82767],[-79.19711,-6.82741],[-79.19784,-6.82698],[-79.19932,-6.82581],[-79.19932,-6.82581],[-79.19974,-6.82567],[-79.20063,-6.8256],[-79.20127,-6.82545],[-79.20143,-6.82522],[-79.20166,-6.82463],[-79.202,-6.82397],[-79.20238,-6.82345],[-79.20302,-6.82303],[-79.20408,-6.8226],[-79.20582,-6.82229],[-79.20643,-6.82198],[-79.20709,-6.82144],[-79.20743,-6.82198],[-79.20767,-6.82256],[-79.20786,-6.8233],[-79.20837,-6.82582],[-79.20869,-6.82668],[-79.21193,-6.83049],[-79.21465,-6.83327],[-79.21558,-6.83404],[-79.2157,-6.83473],[-79.21589,-6.8358],[-79.21632,-6.83638],[-79.21703,-6.83709],[-79.21844,-6.84025],[-79.21855,-6.84088],[-79.21842,-6.84195],[-79.21787,-6.84406],[-79.21788,-6.84497],[-79.21899,-6.8493],[-79.21909,-6.85169],[-79.21691,-6.85171],[-79.21576,-6.85171],[-79.21487,-6.85227],[-79.2132,-6.85248],[-79.21094,-6.85303],[-79.20958,-6.85355],[-79.20812,-6.85393],[-79.20633,-6.85534],[-79.20492,-6.85692],[-79.20275,-6.85918],[-79.20134,-6.86114],[-79.20036,-6.86327],[-79.19904,-6.86664],[-79.1975,-6.86972],[-79.19631,-6.87109],[-79.19569,-6.8718],[-79.19488,-6.87323],[-79.19444,-6.87449],[-79.19461,-6.8762],[-79.19499,-6.87825],[-79.19465,-6.88054],[-79.19371,-6.88148],[-79.19227,-6.88198],[-79.19048,-6.88216],[-79.18547,-6.88261],[-79.17869,-6.88278],[-79.17414,-6.88124],[-79.16179,-6.87697],[-79.1597,-6.87638],[-79.15736,-6.87617],[-79.15527,-6.8764],[-79.15244,-6.87761],[-79.14983,-6.87914],[-79.14462,-6.8831],[-79.14049,-6.88688],[-79.13062,-6.89678],[-79.12611,-6.90098],[-79.06853,-6.89762],[-79.06865,-6.89597],[-79.06866,-6.89435],[-79.06857,-6.89388],[-79.06826,-6.89342],[-79.0681,-6.89303],[-79.06807,-6.89186],[-79.06827,-6.89065],[-79.06852,-6.8901],[-79.0686,-6.88964],[-79.06907,-6.88843],[-79.06906,-6.88781],[-79.06886,-6.8872],[-79.06886,-6.887],[-79.069,-6.88653],[-79.06905,-6.88638],[-79.06922,-6.88607],[-79.06933,-6.88586],[-79.06933,-6.88583],[-79.06931,-6.88506],[-79.06939,-6.88481],[-79.07022,-6.88342],[-79.07106,-6.88201],[-79.07246,-6.88048],[-79.0733,-6.87993],[-79.07341,-6.87983],[-79.07404,-6.87929],[-79.07543,-6.8776],[-79.0755,-6.87754],[-79.07583,-6.87726],[-79.0765,-6.87695],[-79.07792,-6.87661],[-79.07882,-6.87604],[-79.07889,-6.87599],[-79.07953,-6.87579],[-79.0803,-6.87546],[-79.08205,-6.87455],[-79.08205,-6.87454],[-79.08232,-6.87433],[-79.08243,-6.87419],[-79.08266,-6.8739],[-79.08288,-6.87376]]]},"properties":{"IDDIST":"061106","NOMBDIST":"LA FLORIDA","NOMBPROV":"SAN MIGUEL","NOMBDEP":"CAJAMARCA","name":"La Florida"}},{"type":"Feature","geometry":{"type":"Polygon","coordinates":[[[-78.63258,-6.80814],[-78.63578,-6.8072],[-78.63594,-6.80716],[-78.63969,-6.80628],[-78.64085,-6.80615],[-78.64201,-6.80602],[-78.64421,-6.80599],[-78.64659,-6.80682],[-78.64915,-6.80729],[-78.65092,-6.80745],[-78.65329,-6.80856],[-78.65453,-6.80914],[-78.65593,-6.80979],[-78.65727,-6.81119],[-78.65798,-6.81211],[-78.65878,-6.81348],[-78.65929,-6.81497],[-78.66081,-6.81762],[-78.66375,-6.82136],[-78.66894,-6.82417],[-78.66971,-6.82486],[-78.67163,-6.82657],[-78.67246,-6.8277],[-78.67294,-6.8299],[-78.6728,-6.83102],[-78.67262,-6.83244],[-78.6741,-6.83427],[-78.67508,-6.83525],[-78.67618,-6.83635],[-78.6795,-6.83755],[-78.68365,-6.83943],[-78.68668,-6.84154],[-78.68918,-6.84311],[-78.69264,-6.84585],[-78.69772,-6.84865],[-78.71128,-6.85161],[-78.71538,-6.85321],[-78.71846,-6.85377],[-78.71929,-6.85393],[-78.7261,-6.85469],[-78.72966,-6.85533],[-78.73154,-6.85676],[-78.73216,-6.86092],[-78.73379,-6.86343],[-78.73751,-6.86699],[-78.74108,-6.86863],[-78.74638,-6.86979],[-78.74772,-6.86989],[-78.75058,-6.87012],[-78.75278,-6.87029],[-78.75448,-6.87124],[-78.75524,-6.87166],[-78.75866,-6.87258],[-78.76629,-6.87129],[-78.77031,-6.86709],[-78.77134,-6.8635],[-78.77374,-6.86104],[-78.78238,-6.85865],[-78.78441,-6.85845],[-78.78769,-6.85984],[-78.78903,-6.86069],[-78.78949,-6.86118],[-78.79085,-6.86263],[-78.79269,-6.86606],[-78.7937,-6.86621],[-78.79408,-6.86615],[-78.79693,-6.86528],[-78.79869,-6.86549],[-78.80016,-6.86716],[-78.80241,-6.87189],[-78.80309,-6.87333],[-78.80411,-6.87548],[-78.80749,-6.87788],[-78.80895,-6.87881],[-78.81261,-6.88115],[-78.81627,-6.88345],[-78.81837,-6.88435],[-78.82093,-6.88429],[-78.82349,-6.88454],[-78.82702,-6.88617],[-78.82864,-6.88619],[-78.82994,-6.88525],[-78.83739,-6.87767],[-78.84242,-6.87479],[-78.84452,-6.8746],[-78.84679,-6.87547],[-78.84866,-6.87649],[-78.85121,-6.87788],[-78.85362,-6.87919],[-78.85506,-6.88018],[-78.85375,-6.88109],[-78.85309,-6.88155],[-78.85239,-6.88312],[-78.85267,-6.88616],[-78.85175,-6.88958],[-78.84896,-6.89337],[-78.84393,-6.8971],[-78.83857,-6.90304],[-78.83686,-6.90358],[-78.83579,-6.90391],[-78.83342,-6.90431],[-78.83271,-6.90476],[-78.83148,-6.9057],[-78.83144,-6.90573],[-78.83129,-6.90594],[-78.83117,-6.90631],[-78.83115,-6.90677],[-78.83122,-6.90704],[-78.83171,-6.90788],[-78.832,-6.90877],[-78.83209,-6.90972],[-78.83201,-6.91049],[-78.83146,-6.9115],[-78.83139,-6.91163],[-78.83093,-6.91269],[-78.83051,-6.9131],[-78.83004,-6.91332],[-78.82874,-6.91363],[-78.82869,-6.91363],[-78.82849,-6.91377],[-78.82828,-6.91406],[-78.82797,-6.91477],[-78.82797,-6.91568],[-78.82789,-6.91615],[-78.82774,-6.91637],[-78.82738,-6.91689],[-78.82733,-6.91696],[-78.82715,-6.91764],[-78.82674,-6.91853],[-78.8265,-6.91948],[-78.82604,-6.92049],[-78.82555,-6.92103],[-78.82551,-6.92107],[-78.82493,-6.92146],[-78.82479,-6.92169],[-78.82473,-6.92215],[-78.82476,-6.9232],[-78.82464,-6.92393],[-78.82455,-6.92444],[-78.8245,-6.92462],[-78.82425,-6.92541],[-78.82421,-6.92588],[-78.82425,-6.92632],[-78.8243,-6.92646],[-78.82437,-6.92663],[-78.82473,-6.92701],[-78.82524,-6.92717],[-78.82632,-6.92725],[-78.82721,-6.92742],[-78.82878,-6.92807],[-78.82949,-6.92827],[-78.82996,-6.9284],[-78.83034,-6.92868],[-78.82998,-6.92981],[-78.82623,-6.93338],[-78.82454,-6.93403],[-78.81791,-6.93847],[-78.81588,-6.94073],[-78.81496,-6.94236],[-78.8141,-6.94453],[-78.81346,-6.94615],[-78.81258,-6.94721],[-78.81223,-6.94804],[-78.8124,-6.95024],[-78.81324,-6.95253],[-78.81535,-6.95616],[-78.816,-6.95673],[-78.81797,-6.96039],[-78.81925,-6.96354],[-78.8206,-6.96624],[-78.8211,-6.9697],[-78.82219,-6.97191],[-78.82269,-6.97291],[-78.82267,-6.9746],[-78.82291,-6.97605],[-78.82207,-6.9801],[-78.82167,-6.98227],[-78.82099,-6.98347],[-78.81984,-6.98599],[-78.8183,-6.98759],[-78.8169,-6.9899],[-78.81613,-6.99118],[-78.81425,-6.99305],[-78.81308,-6.99392],[-78.81104,-6.99542],[-78.80878,-6.99702],[-78.80751,-6.99826],[-78.80658,-6.99932],[-78.80649,-6.9996],[-78.8065,-7.0],[-78.80645,-7.00109],[-78.80596,-7.00272],[-78.80554,-7.00346],[-78.80493,-7.00425],[-78.80417,-7.00594],[-78.80396,-7.00615],[-78.80294,-7.00718],[-78.80273,-7.00796],[-78.80235,-7.00703],[-78.80159,-7.00626],[-78.80088,-7.00555],[-78.8005,-7.00507],[-78.79974,-7.00454],[-78.79912,-7.00392],[-78.79865,-7.00344],[-78.79828,-7.00313],[-78.79813,-7.00301],[-78.79723,-7.002],[-78.79636,-7.00082],[-78.79605,-7.0],[-78.79592,-6.99969],[-78.7952,-6.99735],[-78.79467,-6.9964],[-78.79427,-6.99596],[-78.79381,-6.9951],[-78.79373,-6.99478],[-78.79403,-6.9923],[-78.7938,-6.99104],[-78.79381,-6.99037],[-78.79388,-6.98978],[-78.79389,-6.98845],[-78.79378,-6.98788],[-78.79298,-6.98605],[-78.79261,-6.98458],[-78.79258,-6.98366],[-78.79247,-6.98309],[-78.79232,-6.98274],[-78.79225,-6.98213],[-78.79239,-6.98117],[-78.79243,-6.9805],[-78.7923,-6.98009],[-78.79229,-6.97974],[-78.79268,-6.97889],[-78.79279,-6.97854],[-78.79263,-6.97773],[-78.79269,-6.97709],[-78.79262,-6.97645],[-78.79215,-6.97479],[-78.79144,-6.97361],[-78.79132,-6.97303],[-78.79121,-6.97153],[-78.79107,-6.97093],[-78.79035,-6.96916],[-78.78982,-6.96814],[-78.78961,-6.96753],[-78.78933,-6.96622],[-78.78933,-6.96478],[-78.78896,-6.96303],[-78.78899,-6.96263],[-78.7892,-6.96206],[-78.78961,-6.96151],[-78.79011,-6.96069],[-78.79057,-6.96016],[-78.7908,-6.95971],[-78.79081,-6.95947],[-78.79053,-6.95913],[-78.78957,-6.95861],[-78.78821,-6.95819],[-78.78704,-6.9576],[-78.78687,-6.95741],[-78.78611,-6.95617],[-78.78576,-6.95574],[-78.7855,-6.95556],[-78.78477,-6.9554],[-78.78365,-6.9543],[-78.78331,-6.95416],[-78.78248,-6.95395],[-78.78241,-6.95394],[-78.78185,-6.95371],[-78.78056,-6.95342],[-78.78033,-6.95325],[-78.78025,-6.95305],[-78.78029,-6.95279],[-78.78061,-6.95188],[-78.78106,-6.95103],[-78.78114,-6.95051],[-78.78102,-6.95008],[-78.78057,-6.9495],[-78.78039,-6.94899],[-78.78039,-6.94854],[-78.78068,-6.94741],[-78.7805,-6.94684],[-78.78039,-6.94673],[-78.77998,-6.94653],[-78.77893,-6.9456],[-78.77833,-6.94528],[-78.77757,-6.94509],[-78.77719,-6.94519],[-78.77652,-6.94547],[-78.77624,-6.94551],[-78.77605,-6.94543],[-78.77591,-6.94526],[-78.77574,-6.94477],[-78.77583,-6.94416],[-78.77608,-6.94367],[-78.77643,-6.94339],[-78.77692,-6.94313],[-78.77712,-6.9428],[-78.77712,-6.94259],[-78.77676,-6.94172],[-78.77666,-6.94124],[-78.77678,-6.941],[-78.77804,-6.93951],[-78.77817,-6.93928],[-78.77824,-6.93901],[-78.77822,-6.93862],[-78.77803,-6.93805],[-78.77769,-6.93761],[-78.77661,-6.93702],[-78.77532,-6.936],[-78.77399,-6.93523],[-78.77343,-6.93496],[-78.77178,-6.93414],[-78.77139,-6.9338],[-78.77066,-6.93289],[-78.76858,-6.93206],[-78.7678,-6.9315],[-78.76644,-6.93024],[-78.76504,-6.92911],[-78.76428,-6.92819],[-78.76346,-6.9274],[-78.76296,-6.92674],[-78.76276,-6.92615],[-78.76262,-6.92478],[-78.76237,-6.92443],[-78.76144,-6.92381],[-78.76082,-6.92316],[-78.75953,-6.92251],[-78.75842,-6.92217],[-78.75777,-6.92182],[-78.75679,-6.92104],[-78.75603,-6.92067],[-78.75523,-6.91973],[-78.75492,-6.91921],[-78.7543,-6.91842],[-78.75409,-6.91805],[-78.75407,-6.91774],[-78.75421,-6.91698],[-78.75417,-6.91648],[-78.75414,-6.91636],[-78.75396,-6.91568],[-78.75393,-6.91561],[-78.75373,-6.91512],[-78.75307,-6.91411],[-78.75249,-6.9128],[-78.75242,-6.91245],[-78.75245,-6.91128],[-78.75239,-6.91057],[-78.75206,-6.90979],[-78.75113,-6.90877],[-78.75104,-6.90843],[-78.75104,-6.90768],[-78.75096,-6.90735],[-78.7509,-6.90709],[-78.75041,-6.90629],[-78.75005,-6.90592],[-78.74968,-6.90569],[-78.74869,-6.90536],[-78.7477,-6.90482],[-78.7472,-6.90435],[-78.74657,-6.90333],[-78.74594,-6.90214],[-78.74546,-6.90141],[-78.74481,-6.89994],[-78.74385,-6.89827],[-78.74358,-6.89754],[-78.74362,-6.89727],[-78.74383,-6.89682],[-78.74398,-6.89627],[-78.74393,-6.8957],[-78.74372,-6.89497],[-78.7429,-6.89359],[-78.74042,-6.89068],[-78.73977,-6.88896],[-78.73932,-6.88776],[-78.73803,-6.88594],[-78.73738,-6.88479],[-78.73701,-6.88348],[-78.73506,-6.88209],[-78.73437,-6.88131],[-78.73397,-6.88098],[-78.73331,-6.88065],[-78.73284,-6.88033],[-78.73268,-6.88009],[-78.73249,-6.87941],[-78.7323,-6.879],[-78.73112,-6.87769],[-78.73044,-6.87736],[-78.72928,-6.87599],[-78.72792,-6.87471],[-78.72772,-6.87432],[-78.72768,-6.87403],[-78.72774,-6.87369],[-78.728,-6.87314],[-78.72857,-6.87253],[-78.72865,-6.87222],[-78.72855,-6.8721],[-78.72804,-6.87182],[-78.72718,-6.87061],[-78.72645,-6.86999],[-78.72562,-6.86953],[-78.72517,-6.86912],[-78.7249,-6.869],[-78.72463,-6.86898],[-78.7242,-6.86908],[-78.72388,-6.86931],[-78.7234,-6.8698],[-78.723,-6.8705],[-78.72276,-6.87064],[-78.72238,-6.87057],[-78.72171,-6.87028],[-78.72127,-6.87037],[-78.721,-6.87031],[-78.72013,-6.86989],[-78.71987,-6.86984],[-78.71896,-6.86981],[-78.71777,-6.87014],[-78.71715,-6.87018],[-78.71673,-6.87013],[-78.71571,-6.86968],[-78.7151,-6.86953],[-78.71413,-6.86916],[-78.71335,-6.86902],[-78.71275,-6.86875],[-78.71256,-6.86854],[-78.7119,-6.86706],[-78.71172,-6.86691],[-78.70993,-6.86674],[-78.70657,-6.86668],[-78.7057,-6.86647],[-78.70511,-6.86646],[-78.70355,-6.8668],[-78.70269,-6.86713],[-78.70225,-6.86743],[-78.70093,-6.86775],[-78.69994,-6.86815],[-78.69926,-6.86904],[-78.69846,-6.86994],[-78.69769,-6.87112],[-78.69721,-6.87161],[-78.69674,-6.87187],[-78.69634,-6.87201],[-78.69532,-6.87213],[-78.69507,-6.87239],[-78.69454,-6.87346],[-78.69444,-6.8739],[-78.69425,-6.87418],[-78.69404,-6.8743],[-78.69362,-6.87429],[-78.6919,-6.87402],[-78.6905,-6.87389],[-78.68849,-6.87347],[-78.6876,-6.8732],[-78.6867,-6.87312],[-78.6858,-6.87342],[-78.68518,-6.87342],[-78.68445,-6.8732],[-78.68395,-6.87311],[-78.68302,-6.87309],[-78.68203,-6.8727],[-78.68145,-6.87237],[-78.68039,-6.87148],[-78.67911,-6.8702],[-78.67805,-6.86957],[-78.67752,-6.86863],[-78.67706,-6.86763],[-78.67645,-6.8667],[-78.67568,-6.86598],[-78.6743,-6.86516],[-78.67308,-6.86498],[-78.67197,-6.86502],[-78.67084,-6.8649],[-78.66925,-6.86503],[-78.66787,-6.86488],[-78.6663,-6.8646],[-78.66543,-6.86452],[-78.66478,-6.86462],[-78.66356,-6.86501],[-78.66141,-6.86364],[-78.65928,-6.86235],[-78.65435,-6.86211],[-78.65114,-6.86196],[-78.65102,-6.86191],[-78.65016,-6.86174],[-78.64873,-6.8617],[-78.64775,-6.86201],[-78.64642,-6.86243],[-78.64258,-6.8649],[-78.64179,-6.86541],[-78.64148,-6.86536],[-78.64007,-6.86462],[-78.63815,-6.86458],[-78.63808,-6.86459],[-78.63608,-6.8641],[-78.63311,-6.86336],[-78.6316,-6.8635],[-78.63069,-6.86387],[-78.62834,-6.86599],[-78.62732,-6.86217],[-78.62643,-6.85781],[-78.62546,-6.85635],[-78.6235,-6.85525],[-78.62207,-6.85494],[-78.6199,-6.85438],[-78.61688,-6.85258],[-78.61508,-6.85161],[-78.61566,-6.85017],[-78.61591,-6.84918],[-78.6157,-6.84813],[-78.61495,-6.84682],[-78.61478,-6.84596],[-78.61473,-6.84279],[-78.61407,-6.84042],[-78.61318,-6.83863],[-78.61152,-6.83532],[-78.61158,-6.83427],[-78.61218,-6.83351],[-78.62019,-6.83019],[-78.62159,-6.82988],[-78.62208,-6.82978],[-78.62292,-6.8296],[-78.62451,-6.82921],[-78.62562,-6.82893],[-78.6274,-6.82815],[-78.62809,-6.82716],[-78.62824,-6.82604],[-78.62795,-6.82428],[-78.62658,-6.82113],[-78.62637,-6.82064],[-78.62628,-6.81903],[-78.62664,-6.81816],[-78.62758,-6.81715],[-78.6295,-6.81576],[-78.63076,-6.81446],[-78.63206,-6.81233],[-78.63296,-6.81027],[-78.63314,-6.80889],[-78.63258,-6.80814]]]},"properties":{"IDDIST":"061107","NOMBDIST":"LLAPA","NOMBPROV":"SAN MIGUEL","NOMBDEP":"CAJAMARCA","name":"Llapa"}},{"type":"Feature","geometry":{"type":"Polygon","coordinates":[[[-78.71841,-6.73967],[-78.71881,-6.74131],[-78.71958,-6.74262],[-78.72132,-6.74362],[-78.72388,-6.74385],[-78.72684,-6.74311],[-78.73038,-6.74088],[-78.73158,-6.74046],[-78.73243,-6.74057],[-78.73546,-6.74303],[-78.73727,-6.7445],[-78.73769,-6.74485],[-78.7381,-6.74518],[-78.73937,-6.74544],[-78.74226,-6.74446],[-78.74329,-6.74434],[-78.74428,-6.74479],[-78.74495,-6.7451],[-78.74616,-6.74461],[-78.74985,-6.74132],[-78.75395,-6.73906],[-78.75535,-6.73806],[-78.75753,-6.73782],[-78.75999,-6.73814],[-78.76256,-6.73917],[-78.76362,-6.73977],[-78.76465,-6.74035],[-78.76608,-6.74116],[-78.76789,-6.74192],[-78.77174,-6.74321],[-78.77629,-6.74435],[-78.77763,-6.74429],[-78.77911,-6.74438],[-78.78081,-6.74485],[-78.78328,-6.74552],[-78.78565,-6.74791],[-78.78698,-6.74925],[-78.78826,-6.75037],[-78.79019,-6.75206],[-78.79181,-6.75307],[-78.79377,-6.75429],[-78.79485,-6.75496],[-78.7961,-6.75648],[-78.79742,-6.75903],[-78.79818,-6.7612],[-78.79808,-6.76319],[-78.79784,-6.76412],[-78.79747,-6.76463],[-78.79507,-6.7659],[-78.79366,-6.7688],[-78.79407,-6.77119],[-78.79464,-6.77215],[-78.79545,-6.7733],[-78.7955,-6.77428],[-78.79501,-6.77565],[-78.79511,-6.77703],[-78.7968,-6.77801],[-78.79724,-6.77826],[-78.79815,-6.77924],[-78.79902,-6.78112],[-78.79868,-6.78138],[-78.79846,-6.78166],[-78.7984,-6.78193],[-78.79836,-6.78294],[-78.79815,-6.78375],[-78.79713,-6.78589],[-78.79677,-6.78629],[-78.79656,-6.78662],[-78.79628,-6.78756],[-78.79587,-6.78809],[-78.79581,-6.78843],[-78.79583,-6.7895],[-78.79551,-6.79013],[-78.79544,-6.79028],[-78.79541,-6.79063],[-78.79561,-6.79111],[-78.79633,-6.79192],[-78.7964,-6.79229],[-78.79632,-6.79249],[-78.79619,-6.79264],[-78.79561,-6.79291],[-78.79535,-6.79313],[-78.79464,-6.79395],[-78.79448,-6.79437],[-78.7945,-6.79478],[-78.79462,-6.79519],[-78.79571,-6.7967],[-78.79634,-6.79812],[-78.79678,-6.79879],[-78.797,-6.79946],[-78.79695,-6.80051],[-78.79666,-6.80147],[-78.79621,-6.80223],[-78.79598,-6.80289],[-78.79597,-6.80319],[-78.7961,-6.80362],[-78.79667,-6.8043],[-78.79738,-6.80558],[-78.79849,-6.80834],[-78.79856,-6.80882],[-78.79854,-6.80919],[-78.79843,-6.8096],[-78.79916,-6.81051],[-78.79927,-6.81098],[-78.79922,-6.81132],[-78.7991,-6.81164],[-78.79839,-6.81258],[-78.79827,-6.81307],[-78.79831,-6.81355],[-78.79857,-6.81409],[-78.79968,-6.81524],[-78.80096,-6.81675],[-78.80215,-6.81789],[-78.80246,-6.81827],[-78.8031,-6.81973],[-78.80341,-6.8203],[-78.80463,-6.82162],[-78.80528,-6.82273],[-78.80544,-6.82335],[-78.80572,-6.82403],[-78.80622,-6.82478],[-78.80673,-6.82515],[-78.8076,-6.8256],[-78.80805,-6.82589],[-78.80845,-6.82627],[-78.80864,-6.82655],[-78.80907,-6.82819],[-78.80968,-6.82959],[-78.80979,-6.83085],[-78.81,-6.83154],[-78.81008,-6.832],[-78.8101,-6.83305],[-78.80988,-6.83387],[-78.80998,-6.83446],[-78.81004,-6.83484],[-78.81002,-6.83549],[-78.80988,-6.83604],[-78.80946,-6.83702],[-78.80949,-6.83821],[-78.80968,-6.839],[-78.80972,-6.83909],[-78.80995,-6.83952],[-78.81067,-6.84018],[-78.81126,-6.84048],[-78.81204,-6.84068],[-78.81252,-6.84087],[-78.81298,-6.84117],[-78.81415,-6.84249],[-78.8148,-6.84299],[-78.8151,-6.84333],[-78.81585,-6.84494],[-78.81594,-6.8454],[-78.81589,-6.84576],[-78.81561,-6.84647],[-78.81516,-6.84704],[-78.81482,-6.84772],[-78.81479,-6.84799],[-78.81487,-6.84825],[-78.81513,-6.84848],[-78.81541,-6.84873],[-78.81576,-6.84924],[-78.81593,-6.84969],[-78.81594,-6.85001],[-78.81583,-6.85022],[-78.81558,-6.85038],[-78.81465,-6.85043],[-78.81437,-6.85051],[-78.81411,-6.85069],[-78.81365,-6.8512],[-78.81356,-6.8514],[-78.81358,-6.85168],[-78.81405,-6.85283],[-78.81472,-6.85358],[-78.81514,-6.85436],[-78.81524,-6.85444],[-78.8154,-6.85473],[-78.81639,-6.85581],[-78.81756,-6.85672],[-78.81821,-6.85728],[-78.81881,-6.85842],[-78.81911,-6.85968],[-78.81949,-6.86218],[-78.82056,-6.86658],[-78.82143,-6.87033],[-78.82185,-6.87208],[-78.8218,-6.87407],[-78.8206,-6.87629],[-78.81952,-6.87875],[-78.81746,-6.88124],[-78.81627,-6.88345],[-78.81261,-6.88115],[-78.80895,-6.87881],[-78.80749,-6.87788],[-78.80411,-6.87548],[-78.80309,-6.87333],[-78.80241,-6.87189],[-78.80016,-6.86716],[-78.79869,-6.86549],[-78.79693,-6.86528],[-78.79408,-6.86615],[-78.7937,-6.86621],[-78.79269,-6.86606],[-78.79085,-6.86263],[-78.78949,-6.86118],[-78.78903,-6.86069],[-78.78769,-6.85984],[-78.78441,-6.85845],[-78.78238,-6.85865],[-78.77374,-6.86104],[-78.77134,-6.8635],[-78.77031,-6.86709],[-78.76629,-6.87129],[-78.75866,-6.87258],[-78.75524,-6.87166],[-78.75448,-6.87124],[-78.75278,-6.87029],[-78.75058,-6.87012],[-78.74772,-6.86989],[-78.74638,-6.86979],[-78.74108,-6.86863],[-78.73751,-6.86699],[-78.73379,-6.86343],[-78.73216,-6.86092],[-78.73154,-6.85676],[-78.72966,-6.85533],[-78.7261,-6.85469],[-78.71929,-6.85393],[-78.71846,-6.85377],[-78.71538,-6.85321],[-78.71128,-6.85161],[-78.69772,-6.84865],[-78.69264,-6.84585],[-78.68918,-6.84311],[-78.68668,-6.84154],[-78.68365,-6.83943],[-78.6795,-6.83755],[-78.67618,-6.83635],[-78.67508,-6.83525],[-78.6741,-6.83427],[-78.67262,-6.83244],[-78.6728,-6.83102],[-78.67294,-6.8299],[-78.67246,-6.8277],[-78.67163,-6.82657],[-78.66971,-6.82486],[-78.66894,-6.82417],[-78.66375,-6.82136],[-78.66081,-6.81762],[-78.65929,-6.81497],[-78.65878,-6.81348],[-78.65798,-6.81211],[-78.65727,-6.81119],[-78.65593,-6.80979],[-78.65453,-6.80914],[-78.65329,-6.80856],[-78.65092,-6.80745],[-78.64915,-6.80729],[-78.64659,-6.80682],[-78.64421,-6.80599],[-78.64201,-6.80602],[-78.64085,-6.80615],[-78.63969,-6.80628],[-78.63594,-6.80716],[-78.63578,-6.8072],[-78.63258,-6.80814],[-78.62988,-6.8082],[-78.62851,-6.80796],[-78.62829,-6.80766],[-78.62801,-6.80727],[-78.6274,-6.80436],[-78.62698,-6.80309],[-78.62623,-6.80138],[-78.62612,-6.80049],[-78.62639,-6.79884],[-78.6268,-6.79715],[-78.62667,-6.7947],[-78.62688,-6.79344],[-78.62758,-6.7925],[-78.62873,-6.79179],[-78.6298,-6.79126],[-78.63234,-6.78866],[-78.63348,-6.78781],[-78.63462,-6.78634],[-78.63481,-6.78523],[-78.63533,-6.78429],[-78.63726,-6.78288],[-78.63792,-6.78212],[-78.63809,-6.77876],[-78.63839,-6.77782],[-78.63899,-6.7774],[-78.64019,-6.77706],[-78.64187,-6.77687],[-78.64447,-6.77513],[-78.6455,-6.77438],[-78.64632,-6.77382],[-78.64708,-6.77382],[-78.64769,-6.77407],[-78.64822,-6.77429],[-78.64966,-6.77446],[-78.65168,-6.77409],[-78.65324,-6.77334],[-78.65448,-6.77192],[-78.65541,-6.77025],[-78.65635,-6.76897],[-78.65748,-6.76821],[-78.65918,-6.76783],[-78.6606,-6.76775],[-78.66139,-6.76753],[-78.66206,-6.76735],[-78.66408,-6.76567],[-78.66555,-6.76473],[-78.66666,-6.76426],[-78.66756,-6.76362],[-78.6684,-6.76334],[-78.67002,-6.76279],[-78.67119,-6.7624],[-78.67533,-6.76171],[-78.67667,-6.76148],[-78.67789,-6.76091],[-78.67853,-6.76016],[-78.67937,-6.75843],[-78.68015,-6.75737],[-78.68146,-6.75607],[-78.68266,-6.75507],[-78.68654,-6.75164],[-78.68803,-6.74908],[-78.68831,-6.74825],[-78.68903,-6.74607],[-78.69003,-6.74419],[-78.69068,-6.74374],[-78.69181,-6.74319],[-78.69332,-6.74267],[-78.69417,-6.74284],[-78.69478,-6.74324],[-78.69516,-6.74377],[-78.69541,-6.74411],[-78.69593,-6.74484],[-78.69716,-6.74572],[-78.69818,-6.7469],[-78.69915,-6.74803],[-78.70036,-6.74942],[-78.70177,-6.75051],[-78.70316,-6.75103],[-78.70501,-6.7512],[-78.70558,-6.75103],[-78.70637,-6.7508],[-78.70724,-6.7499],[-78.70823,-6.74846],[-78.71035,-6.7466],[-78.71457,-6.74309],[-78.71556,-6.74221],[-78.71613,-6.7417],[-78.7176,-6.74039],[-78.71841,-6.73967]]]},"properties":{"IDDIST":"061104","NOMBDIST":"CATILLUC","NOMBPROV":"SAN MIGUEL","NOMBDEP":"CAJAMARCA","name":"Catilluc"}},{"type":"Feature","geometry":{"type":"Polygon","coordinates":[[[-78.75753,-6.73782],[-78.75842,-6.73718],[-78.75909,-6.7365],[-78.76035,-6.73522],[-78.76209,-6.73347],[-78.76271,-6.73229],[-78.76285,-6.73104],[-78.7632,-6.72956],[-78.76388,-6.72845],[-78.76744,-6.72625],[-78.7682,-6.72606],[-78.77058,-6.72547],[-78.77346,-6.72414],[-78.77679,-6.72238],[-78.77831,-6.7208],[-78.77931,-6.72035],[-78.78236,-6.71833],[-78.78434,-6.71729],[-78.78516,-6.71685],[-78.78619,-6.71599],[-78.78647,-6.71534],[-78.78689,-6.71437],[-78.78766,-6.71257],[-78.78926,-6.70886],[-78.79014,-6.7076],[-78.79202,-6.70634],[-78.79492,-6.70536],[-78.79594,-6.70465],[-78.7978,-6.70293],[-78.79956,-6.70241],[-78.8017,-6.70208],[-78.80474,-6.70132],[-78.80627,-6.70093],[-78.80658,-6.70081],[-78.80803,-6.70056],[-78.80908,-6.70052],[-78.80966,-6.7006],[-78.81065,-6.70029],[-78.81125,-6.69986],[-78.81253,-6.69866],[-78.81394,-6.69778],[-78.81565,-6.69635],[-78.81624,-6.69566],[-78.81659,-6.69465],[-78.81684,-6.69339],[-78.81698,-6.69225],[-78.81752,-6.69268],[-78.81813,-6.693],[-78.8186,-6.69316],[-78.81972,-6.69333],[-78.82063,-6.69384],[-78.8212,-6.69444],[-78.82162,-6.69532],[-78.82278,-6.69643],[-78.82295,-6.69677],[-78.82315,-6.69752],[-78.82333,-6.69786],[-78.82554,-6.69884],[-78.8268,-6.69905],[-78.82726,-6.69913],[-78.8285,-6.69953],[-78.82988,-6.70006],[-78.83005,-6.70012],[-78.83143,-6.70065],[-78.83362,-6.70148],[-78.83536,-6.70188],[-78.83644,-6.70197],[-78.83744,-6.70164],[-78.84033,-6.70116],[-78.84358,-6.7016],[-78.84599,-6.70253],[-78.84896,-6.70474],[-78.85031,-6.70664],[-78.85177,-6.70871],[-78.85253,-6.71064],[-78.85199,-6.71162],[-78.84988,-6.71338],[-78.84882,-6.71426],[-78.84829,-6.71678],[-78.84864,-6.71808],[-78.84955,-6.7197],[-78.84985,-6.72105],[-78.84974,-6.72246],[-78.84914,-6.72382],[-78.84789,-6.72623],[-78.84769,-6.72771],[-78.84768,-6.72785],[-78.84808,-6.73082],[-78.84826,-6.73182],[-78.84886,-6.73516],[-78.84949,-6.73869],[-78.85136,-6.7411],[-78.85223,-6.74201],[-78.85515,-6.74505],[-78.85589,-6.74666],[-78.85718,-6.74845],[-78.85783,-6.74935],[-78.85853,-6.74993],[-78.8603,-6.75071],[-78.86063,-6.75112],[-78.86117,-6.75204],[-78.86163,-6.75282],[-78.86257,-6.75439],[-78.86371,-6.75574],[-78.86512,-6.75705],[-78.86652,-6.75778],[-78.86718,-6.7589],[-78.86711,-6.75911],[-78.86714,-6.75924],[-78.86791,-6.76041],[-78.86794,-6.76071],[-78.86903,-6.76136],[-78.87021,-6.76259],[-78.87094,-6.76365],[-78.87178,-6.76485],[-78.87309,-6.76729],[-78.87598,-6.77267],[-78.87665,-6.77586],[-78.87658,-6.77653],[-78.87571,-6.77742],[-78.87393,-6.77906],[-78.87359,-6.78075],[-78.87392,-6.78177],[-78.87486,-6.78308],[-78.87763,-6.785],[-78.87855,-6.78633],[-78.88018,-6.78984],[-78.88071,-6.791],[-78.88215,-6.79269],[-78.88272,-6.79305],[-78.88372,-6.79369],[-78.88503,-6.79452],[-78.88652,-6.79609],[-78.88694,-6.79718],[-78.88596,-6.7993],[-78.8851,-6.80086],[-78.88431,-6.80229],[-78.88402,-6.80331],[-78.88437,-6.80466],[-78.88514,-6.80518],[-78.88573,-6.80599],[-78.88614,-6.80727],[-78.88609,-6.80857],[-78.88548,-6.81017],[-78.88518,-6.81096],[-78.88525,-6.81208],[-78.88533,-6.81317],[-78.88481,-6.81429],[-78.88279,-6.81661],[-78.88105,-6.81948],[-78.88078,-6.82078],[-78.88055,-6.82186],[-78.8807,-6.82258],[-78.88158,-6.82682],[-78.88166,-6.82721],[-78.88212,-6.83072],[-78.88177,-6.83354],[-78.88132,-6.83461],[-78.88126,-6.83569],[-78.8817,-6.83782],[-78.88179,-6.83824],[-78.88302,-6.84279],[-78.88322,-6.84354],[-78.88383,-6.84389],[-78.88595,-6.8451],[-78.88721,-6.84528],[-78.88796,-6.84539],[-78.88813,-6.84884],[-78.88841,-6.85457],[-78.88844,-6.85522],[-78.88782,-6.85558],[-78.88691,-6.8558],[-78.88566,-6.857],[-78.88438,-6.85919],[-78.8824,-6.86453],[-78.88159,-6.86512],[-78.88063,-6.86556],[-78.87889,-6.86594],[-78.87835,-6.86617],[-78.87619,-6.86711],[-78.87325,-6.86746],[-78.87157,-6.86781],[-78.8703,-6.86861],[-78.86945,-6.86972],[-78.86846,-6.87134],[-78.86428,-6.87571],[-78.86253,-6.87672],[-78.8596,-6.87771],[-78.85639,-6.87969],[-78.85506,-6.88018],[-78.85362,-6.87919],[-78.85121,-6.87788],[-78.84866,-6.87649],[-78.84679,-6.87547],[-78.84452,-6.8746],[-78.84242,-6.87479],[-78.83739,-6.87767],[-78.82994,-6.88525],[-78.82864,-6.88619],[-78.82702,-6.88617],[-78.82349,-6.88454],[-78.82093,-6.88429],[-78.81837,-6.88435],[-78.81627,-6.88345],[-78.81746,-6.88124],[-78.81952,-6.87875],[-78.8206,-6.87629],[-78.8218,-6.87407],[-78.82185,-6.87208],[-78.82143,-6.87033],[-78.82056,-6.86658],[-78.81949,-6.86218],[-78.81911,-6.85968],[-78.81881,-6.85842],[-78.81821,-6.85728],[-78.81756,-6.85672],[-78.81639,-6.85581],[-78.8154,-6.85473],[-78.81524,-6.85444],[-78.81514,-6.85436],[-78.81472,-6.85358],[-78.81405,-6.85283],[-78.81358,-6.85168],[-78.81356,-6.8514],[-78.81365,-6.8512],[-78.81411,-6.85069],[-78.81437,-6.85051],[-78.81465,-6.85043],[-78.81558,-6.85038],[-78.81583,-6.85022],[-78.81594,-6.85001],[-78.81593,-6.84969],[-78.81576,-6.84924],[-78.81541,-6.84873],[-78.81513,-6.84848],[-78.81487,-6.84825],[-78.81479,-6.84799],[-78.81482,-6.84772],[-78.81516,-6.84704],[-78.81561,-6.84647],[-78.81589,-6.84576],[-78.81594,-6.8454],[-78.81585,-6.84494],[-78.8151,-6.84333],[-78.8148,-6.84299],[-78.81415,-6.84249],[-78.81298,-6.84117],[-78.81252,-6.84087],[-78.81204,-6.84068],[-78.81126,-6.84048],[-78.81067,-6.84018],[-78.80995,-6.83952],[-78.80972,-6.83909],[-78.80968,-6.839],[-78.80949,-6.83821],[-78.80946,-6.83702],[-78.80988,-6.83604],[-78.81002,-6.83549],[-78.81004,-6.83484],[-78.80998,-6.83446],[-78.80988,-6.83387],[-78.8101,-6.83305],[-78.81008,-6.832],[-78.81,-6.83154],[-78.80979,-6.83085],[-78.80968,-6.82959],[-78.80907,-6.82819],[-78.80864,-6.82655],[-78.80845,-6.82627],[-78.80805,-6.82589],[-78.8076,-6.8256],[-78.80673,-6.82515],[-78.80622,-6.82478],[-78.80572,-6.82403],[-78.80544,-6.82335],[-78.80528,-6.82273],[-78.80463,-6.82162],[-78.80341,-6.8203],[-78.8031,-6.81973],[-78.80246,-6.81827],[-78.80215,-6.81789],[-78.80096,-6.81675],[-78.79968,-6.81524],[-78.79857,-6.81409],[-78.79831,-6.81355],[-78.79827,-6.81307],[-78.79839,-6.81258],[-78.7991,-6.81164],[-78.79922,-6.81132],[-78.79927,-6.81098],[-78.79916,-6.81051],[-78.79843,-6.8096],[-78.79854,-6.80919],[-78.79856,-6.80882],[-78.79849,-6.80834],[-78.79738,-6.80558],[-78.79667,-6.8043],[-78.7961,-6.80362],[-78.79597,-6.80319],[-78.79598,-6.80289],[-78.79621,-6.80223],[-78.79666,-6.80147],[-78.79695,-6.80051],[-78.797,-6.79946],[-78.79678,-6.79879],[-78.79634,-6.79812],[-78.79571,-6.7967],[-78.79462,-6.79519],[-78.7945,-6.79478],[-78.79448,-6.79437],[-78.79464,-6.79395],[-78.79535,-6.79313],[-78.79561,-6.79291],[-78.79619,-6.79264],[-78.79632,-6.79249],[-78.7964,-6.79229],[-78.79633,-6.79192],[-78.79561,-6.79111],[-78.79541,-6.79063],[-78.79544,-6.79028],[-78.79551,-6.79013],[-78.79583,-6.7895],[-78.79581,-6.78843],[-78.79587,-6.78809],[-78.79628,-6.78756],[-78.79656,-6.78662],[-78.79677,-6.78629],[-78.79713,-6.78589],[-78.79815,-6.78375],[-78.79836,-6.78294],[-78.7984,-6.78193],[-78.79846,-6.78166],[-78.79868,-6.78138],[-78.79902,-6.78112],[-78.79815,-6.77924],[-78.79724,-6.77826],[-78.7968,-6.77801],[-78.79511,-6.77703],[-78.79501,-6.77565],[-78.7955,-6.77428],[-78.79545,-6.7733],[-78.79464,-6.77215],[-78.79407,-6.77119],[-78.79366,-6.7688],[-78.79507,-6.7659],[-78.79747,-6.76463],[-78.79784,-6.76412],[-78.79808,-6.76319],[-78.79818,-6.7612],[-78.79742,-6.75903],[-78.7961,-6.75648],[-78.79485,-6.75496],[-78.79377,-6.75429],[-78.79181,-6.75307],[-78.79019,-6.75206],[-78.78826,-6.75037],[-78.78698,-6.74925],[-78.78565,-6.74791],[-78.78328,-6.74552],[-78.78081,-6.74485],[-78.77911,-6.74438],[-78.77763,-6.74429],[-78.77629,-6.74435],[-78.77174,-6.74321],[-78.76789,-6.74192],[-78.76608,-6.74116],[-78.76465,-6.74035],[-78.76362,-6.73977],[-78.76256,-6.73917],[-78.75999,-6.73814],[-78.75753,-6.73782]]]},"properties":{"IDDIST":"061112","NOMBDIST":"TONGOD","NOMBPROV":"SAN MIGUEL","NOMBDEP":"CAJAMARCA","name":"Tongod"}}]}